评分,评论文本
2,480p，画质不高，黑白，y
1,毫无看点，黑白画质，一个男人孤独的心理情景历程，疯疯癫癫，没有任何恐怖的成分，这应该是剧情片吧.
3,上吊那裡超好笑，可惜最後報告近況的旁白大扣分
3,上海国际电影节观摩片
5,！
4,那些不同人们的生活状态真实且残酷。描述这类人生活的片子多了，有点不太敢去德国了，生怕那里的人心底里都有点歇斯底里。觉得这部片子是我眼中的欧洲手法和好莱坞手法的结合。故事的处理很欧洲，可是一些关键的镜头处理就很好莱坞。可惜不如有些相似类型的《最后一次心动》给我的震撼大。
4,生活用最残酷的方式让你笑，笑得哭出来。
3,连这个竟然都看了...
3,我不知道那时候为什么看了这么多香港口水片……
4,小姐，你的熊掉了 小姐，你的熊掉了 小姐，你的熊掉了 我发现我建条目上瘾了！！
5,全职主妇侦探，不，是强盗。
5,哈哈哈哈哈哈哈！师父果然威武！
3,整个系列，都不得不看
2,哈哈哈，钱小豪还弄得长发为了更像陈浩南吗
1,这拍的是什么垃圾啊，我草
4,大爱
1,真是太缺乏诚意了！负五星。
3,原来你咬我啊这个段子，是在这本电影里出现的呀。
5,这个好玩
5,哈哈哈哈哈好带喜感的师傅~~
5,从小就这臭脾气
5,小姐，你的熊掉了。
4,初恋。。。
5,主妇很威武！
2,要不是某视频网站主动给我推荐还算高清版的这部电影，我还真不敢主动去搜
2,同样是古惑仔~~肿么可以那么烂呢~~
1,打着古惑仔的名头好歹请个古惑仔来客串呀。
4,没看过无童年
3,怕了怕了
5,"小姐，你的熊掉了.
"
5,小姐你的熊掉了……神啊……
4,"那个师傅的初恋太可爱了
还有小爱德和阿尔方司"
5,几个sp中最好看的
5,"小姐,你的熊掉了"
5,主妇桑。汝辈还是内么具有喜感TAT
4,你知道我大哥是谁吗? 我大哥是陈浩南
3,小时候的陈浩南，山鸡，包皮，大飞，乌鸦，坤哥。
3,喜欢老港剧中的美女和帅哥
3,以前超级喜欢跟弟弟一起看��
3,~~~
1,1
5,还可以
4,漫画中一笔带过的部分稍微衍生的作品。
5,为最后的小故事多给一颗星。
5,小姐！你的熊掉了！
5,丧心病狂
5,= =fa打瓶子小人的时候 师父怎么没上。。。
4,补mark
1,这电影竟然是troma的。。
1,一个个丑得像鞋底子似的还拍你妈逼啊
2,没劲啊~没劲！现在（2017年）回过头来 竟然发现 花千骨里的徐海乔！
3,"——这么说，你一定要等她了？
——嗯
——有多坚定？
——像你对我那样。"
3,男女猪脚演技还可以再假一点，虽然我很萌这种剧情的电影，但是实在了。拍摄效果倒还可以。
3,第一个镜头居然以为小男主是女孩，，，真够温柔清秀的。。。。
1,这是实习生的作品吗？忒难看了...
1,看完蛋碎了。
2,略萌这种小清新的电影  但就电影层面而言 有些差了 台词更受不了..
2,同爷异奶的终极狗血剧情原来还真有啊。
2,20130501，那生疼的大巴归途，那打发时间的电影。再无聊的电影都会有归处，因为你别无选择。ps：感觉像话剧的电影，可惜太硬梆梆了。
1,同样看五分钟就弃了
4,好文艺，除了女主都很美。特别是我乔。
2,我还是觉得叫许垚比较有气质，前半段怎么讲话像朗诵呢，我还是喜欢他笑的样子，一如往昔
4,不错呀，喜欢那个台湾女孩
3,刘姝含
4,跟同题材的电影比，差的太远。我看的过程中完全入不了戏。剧情对于老人经历的处理比较容易接受。四星中一星给柳红，一星给中国的古典诗词，一星给岁月变迁中始终不变的爱情，一星给我们河南，第一次看到以新郑为背景的电影故事。此种题材，还是偏爱《追爱》。。。就是因为背景是新郑，才会看的。。。
2,劇本莫名喜感 棄之
2,两星给露白。此时的徐海乔，演技应该还有些青涩。小清新电影拍得如此平淡，剧情毫无惊喜，女主人设很不讨好，很作，很无理取闹。
1,只看前五分钟……一个占小便宜还装傻扮受害者的女孩儿真的可以当纯爱女主角么，导演你脑子没坏吧
1,看到14分钟就猜中了之后80%的剧情，导演没文化、装文艺，编剧老套、脑残，剧情弱智、狗血，男女猪脚做作、浮夸，又一部烂片。PS：爱吐槽的小盆友注意，本片槽点非常充实。
3,剧情还行  但整个电影看下来还是一般
3,类似电锯惊魂
4,不错d
2,差不多
3,还行已收录。
1,海报确实很牛B。。
1,不死之身，牛，我就是好奇炸碎成拼都拼不起来的，他还怎么活？好吧，其实妖舟回答过这个问题，他的猎人同人里那位，就是按分子形式重建躯体的···········
1,已有
5,师父的故事，另一个炼金术师的传奇。
5,很搞笑啊！
5,小姐 你的熊~是你的熊~
5,师父本身就是一个牛逼的存在好么，各方面。。
5,第一篇还是大河剧画风，第二篇忽然就变成了少女漫。和师匠比起来，爱德真是弱啊！
4, 小姐，你的熊掉了
5,亮点全在最后啊！
5,小姐，你的熊掉了
4,（9/10）彻底坏掉的一集，片尾还有更坏掉的彩蛋…………片头的字幕明显是恶搞70年代的老电影………………
5,萌死啦！！！
5,笑死了 把熊过肩摔的女人跟举起钢琴的女人有什么本质不同么
5,………………………………这……太能搞了=        =
5,笑死了XDDDD 这样一看师匠和ED好像啊w
4,一点。。也不好笑。。。
5,小姐，你的熊掉了
4,小姐，你的熊掉了
4,搞笑为主。。。
5,小姐，你的熊掉了!
5,初恋的故事很有爱啊啊啊啊啊啊
5,笑死了！
5,怎么打不开
3,小的时候完全不爱看，太暴力，太黑社会了
5,大一寒假的考试周   
2,钱小豪的蛊惑
4,伴随着童年的长大··那幼小的心灵·倍有感慨
5,究竟有多喜欢这系列的古惑仔呢？
,好看
3,山鸡帅。。。
2,那些年这类片看太多了，只记得挂着古惑仔的名头，主演也不是郑伊健是钱小豪。
1,不好看，没意思。
,。。。
3,现在这些人拍的真心不好看，支持郑伊健、陈小春版的走起！！！你们无法超越
5,经典片，现在拍不了了。
5,那段时间补得电影，看看还是不错的
4,好
1,哈哈哈哈哈哈哇哦
2,= =剧情创意很好，但是为神马拍出来的就那么怪呢
1,"这片…
我不懂他们是经费只有1000块钱还是咋的，还借用人家大学场地完了还不给人家"
1,那女的演技实在太差了，男的还算养眼，可是貌似全称就是配音的啊！救命啊，当初以为，那对老人家的爱情有多吸引，谁不知道，就是两三句话就概括了嘛~~为啥我会看这么一出东西啊
4,"A life with you .我们要经历过多长的岁月和风雨才能明白什么是life,lie，die"
1,"又是陪妈看剧系列，又是无力吐槽，首先，我真的受不了女主的声音，嗲得让人恶心，这口音是台湾的吗？？她叫奶奶的声音真的又奇怪又难听，而且她还很zz，傻逼兮兮地随便吃野果，中毒进医院，现实中真有这么zz的人吗？路上什么不知名的野果都能随便乱吃。
新吐槽，女主时不时来个耶，说话老是加一个哦，看着……好烦人"
2,烂片，听到女主角说话就想掐死他
3,国产低成本爱情剧，背景音乐确实很好听，结局很圆满。
3,什么感人的烂片啊。。。不过女主还是很正就是了
5,女主口音有点做作，文艺乔最后一笑萌化我了
5,喜欢
4,剧情有点像回到爱开始的地方，男女主角都好好看哇
3,嗯。。。。
1,这女主角一开口我就凌乱了，狗血琼瑶剧。。题材类似的《孔雀眼》感觉要拍得自然很多。我要blacklist尤小刚。。
2,小清新，故事可以，对白不行，演技也一般，没有高低起伏，看完心如死水，感觉原来我也是可以去做电影→_→  （开个玩笑）
1,"一分给男主的美貌
哈哈哈哈哈"
2,这种2b电影实在无法看下去了，那对白简直就是在背书。男主住那么大的房子，却骑个小摩托，让屌丝们情何以堪。女主却像个傻逼，在山上乱吃野果中毒。看了半小时果断看不下去了。
3,徐海乔的演技很好 人设也很苏 对女主比较崩溃 又作又矫情 电影立意还好 就是剧情太简单
1,纯粹为了乔叔美颜来的，一星为乔叔
5,男主真的是清纯文艺秀气到了极致啊！用徐海乔的脸带入吴邪，相当和谐有没有！我以前看不进去盗墓笔记的结果就因为这个看下去了
2,可以
3,剧情过于简单
2,怎么说呢。还行
2,哈哈
3,好好笑，意想不到的效果。母大狼。
4,挺好看的电影，好几次都令人忍俊不禁，剧本不错，虽然蹩脚的方言令人不爽，但瑕不掩瑜。
2,正。
3,女连长不错
3,挺有意思。女连长可爱的，长得好像阿sa
2,呵呵，沙发！还行吧，就是搞笑！于我而言，假！
2,呃…去边境就分手啊，不过，这个女连长是真的哦
1,不想说。
3,为中国军人，特别是女军人点个赞��
3,真的可能有女连长吗
1,幼稚之至。演员全都是业余的，居然没有请一些真正的军人做群演，大败笔。大家看看最后几分钟的所谓大比武，，，红蓝攻防。。。简直比电视剧里玩打家家的人还业余，笑到我肚子疼，还有那军礼敬得也够假，，，无语
4,还可以吧，展现边防连中国军人的生活日常，让更多百姓了解到其中的不易和艰辛，并且珍惜眼前的幸福生活。
5,能看不
3,"太好了
"
3,在最后比武攻阵地时，也太假了，还有攻上阵地时，还拍了，两个解放军举手投降的镜头，看着特别不舒服。
4,看到的第五个版本的包法利，美国果然最花哨，舞会成了最浓墨的一笔，不过我还真就料到如此了。
3,一看开头和结尾，就觉得这真是好莱坞的改编剧本，就差脸蛋上镌两坨大字儿：耶耶我会讲故事！可我还是看恶心了。很讨厌这版的包法利，嗯，你的效果达到了。
4,全洁版的包法利夫人，可惜人物刻画还是太平面了。老电影光听配乐都能听出来、可惜的甚至不是飞蛾扑火而亡，而是根本没有飞入火焰中的能力。光影流动哦。其实这不是已经开始预示消费社会中特有的女性的悲剧命运了吗
2,40年代末的电影，无论片头以福楼拜的身份如何为爱玛叫屈，整个影片呈现出的依旧是一个蛇蝎女主的自作自受史，倒是和这一时期盛行的黑色电影遥相呼应。过度美化的丈夫和家庭、边缘化的渣男和社会、利欲熏心心比天高的女主，怎么想都是差评。两星给当时已然成熟的摄影。
3,相比小说而言，电影的情节像是高潮段落的堆砌而省略了过渡和铺垫。心理，甚至情爱描写的不足让包法利夫人形同一具没有灵魂的拜金机器，连其倾倒众生的魅力都显得缺乏因由。引入福楼拜的法庭自辩也无助于让观众对他的女主角产生丝毫同情。
5,还记得是大学，全班儿就我一个人去听Jason外教每周四晚上的口语交流课~ 他给我们放了这片儿我觉得好看极了。。虽然没有拜读过原著，但这版所呈现的包法利夫人也不差毫厘了。
4,"如果她可以满足的呆在乡村，爱Charles,是不是不会有后来的悲剧。她活在美好的幻想力，而现实的平淡无奇让她渴望更美好的生活，而且一旦爱了就不顾一切。只是男人的诺言怎能如此轻易去相信。那些男人不在单纯，可她却依然单纯。每个少女都仍有做梦的权利，直到很多很多的经历把那些梦粉碎，她死得那么早，因为梦碎得太快。Too beautiful to live, too young to die."
3,“美丽是件错事吗？”这句台词是包法利夫人临死前问自己丈夫的，我倒是很想给她个答案，想要美好的事物不是错，但是人出身于什么阶层却是无法改变的，就算是在向往美好最后也是心比天高命比纸薄，这样的不甘心只会贻害终生。改编后的电影比福楼拜的原著要简单的多，路易斯.乔丹又演了一回花花公子。
4,"福楼拜的永恒经典。电影版改了些情节，比如跛子的手术，也更戏剧化，但还是好故事。""is it a crime to want something beautiful?"""
3,少了点神马。PS:对Jennifer Jones的颜无好感。
2,虽然把福楼拜都抬出来了，但依旧是男性视角。夏尔医生变得有了男子气概，省略了莱昂的爱情基础，罗多尔夫彻底现实冰冷毫无魅力……于是包法利夫人就变成一个自作自受的可怜虫，而已。
4,一个文艺女青年悲惨的一生……舞会那段特喜欢～
2,恕我俗气get不到名著的点，这个no zuo no die的女主有什么好同情的？控制不住自己的欲望还叫人吗？还好意思归咎于社会风气？吸丈夫的血，对女儿不管不顾算什么狗屁时代悲剧？乞讨爱情虚荣购物最后宁可欠债消费也叫女性魅力？祝圣母都有个这样的妈。
5,感触太多，是不是追求超过自己能力的梦想会牺牲一些生命中最重要的东西，另外那些媒体杂志宣传的情景是不是误导了很多缺乏判断力的人，不觉得包法利夫人面目可憎，只是感慨她没有出生在一个能靠自己改变命运的时代，那个时代女人只能靠男人改变命运，这是时代的悲剧
4,Van Hefflin 演医生帅了点，Jordan真是花花公子专业户，谁叫他长得帅，又是法国人呢？
4,珍妮弗·琼斯开发出了潜藏气质，对一个善女专业户是大突破，赫夫林是另一个反面，遗憾开发未果，以往名著讨喜不易，但包法利夫人发梦格外吸引人
3,ʕ•̫͡•ʕ*̫͡*ʕ•͓͡•ʔ-̫͡-ʕ•̫͡•ʔ*̫͡*ʔ-̫͡-ʔ，打卡。
4,"1.直借“福楼拜”之口传达对肤浅的浪漫主义和时代的批判,整体改编节奏流畅且细节精准.2.舞会段极佳,与路易斯乔丹起舞只见堂皇装饰,陶醉于浮华但虚假的镜中自我映像:一个镜头就能拍出那种强烈而变态的迷恋,再至后段破镜警示与容颜衰败.3.对名利求而不得引起肉体欲望,她实际上只爱虚荣,一个男人也不爱.4.与同时期的[嘉莉妹妹]在某些主题上存在相同之处,但明奈利对主题的掌握和呈现远胜威廉惠勒."
4,"1女孩子，看一看。---文艺爱好者Emma Bovary，悲惨的一生。(服砒霜自尽arsenic。)It is a storybook.
2There isn’t something wrong with things being beautiful, is it?想要美好的事物，不是错。要学会控制欲望，珍惜拥有。(出身阶层是天花板。) 37度2/巴黎野玫瑰，相似。
3I was afraid of you. You asked for something that consumes while it burns, that destroys everything it touches. I didn’t want to be destroyed.
4男人，被女人裹挟着往前走。可怜。Do y"
3,三星半
4,小姐，你的熊掉了
5,小姐……你的熊掉了…
5,【小姐，你的熊掉了。。的熊掉了。。熊掉了。。掉了。。了。。】师傅的恋爱如同暴风雨o(*≧▽≦)ツ┏━┓[拍桌狂笑!]
4,这个师傅太可爱了
4,lol 小姐，你的熊掉了   哈哈哈哈哈哈！！！！
5,师匠萌到爆啊~~~~
5,小姐你的熊掉了o(*≧▽≦)ツ┏━┓
5,这位小姐，你忘了你的熊   lol
3,荒诞派
5,哈哈哈哈小姐你的熊掉了
4,果然是……师~~傅~~~~
4,囧货
3,看到当年师父也有跟兄弟俩一样囧的修行经历，我很欣慰，很欣慰
4,好笑
4,期待啊 师傅
5,我对师傅的崇敬不是三言两语能说完的
4,等一下 你的熊掉了！
4,啊~这就说的通了~师傅年轻的时候和爱德华还真像~师丈年轻的时候还有点儿像大总统啊~
4,森森赛高！
4,师傅的悟道也是很不容易滴。
4,昨天听了同名歌曲，听说主创拍了同名电影，一个兴起搜索了一下，直到看完才知道此非彼，囧～大清早看的，虽然基本从开头就能猜到结尾，人物情节都很简单，也深知只是一种理想状态的故事，没想到最后还是被深深打动了，半个小时过去了，还在慢慢平复当中……
4,很不错的一部剧，很感人，值得一看
4,要不是因为徐海乔我才不看！乔叔在里面是原声！那声音我已经录制了音频了！女主直接被我屏蔽了。那个时候乔叔好可爱好嫩！
2,求里面的钢琴曲。
4,太治愈了!虽然女主的声音、演技分分钟让人出戏，但是乔整体很稳，是部很暖很文艺的片子！尤其是诗词的渲染，突然发现自己还有很多需要学习内化的东西~
5,超级喜欢露白，这样的男人是我的就好了
3,老实说我不喜欢女主的声音，男主很有书卷气，女二演过新还珠。
5,很感人
4,女主的声音我受不了，其他还好
4,影片讲述两段爱情故事，故事本身虽然不完全是陈词，但也是滥调。导演想用唯美表现，很显然，其实力还是有相当的差距。另提——不知是否能称得上看点的，就是刘殊含饰演的台湾正妹，不管是否是配音，的确嗲的鸡皮疙瘩掉一地。
3,莫失莫忘
5,突然很欣羡那时的爱情　甜蜜的情书　简简单单　厮守终生
3,凭着想听乔叔的娃娃音，看完了整部电影……表示女主好尴尬……女二都比女主好……
1,哈哈也就普通大学社团演戏的水准，太假了
3,背景音乐很好听。。。
2,莫失莫忘，相携永昌
1,"这片我也是醉了
一星给徐海乔"
4,小清新感觉的电影。
2,讨厌有口音的东东。狗血剧。末尾还勉强看一下
4,很喜欢看这种文艺片！特别喜欢徐海乔的露白，这部电影里他是原音的，真的很适合男主。男主露白妥妥的初恋情人的类型，温柔细致有点忧郁又多情善良的大男孩！和祖母谈话时落泪那里被感动了！很温情温馨的感觉，就像是午后时光里的下午茶，可以细细品味慢慢享受。
4,4.0。
4,约瑟夫罗西的静态暴力和布莱希特的间离效果，结合得马马虎虎
3,入赘女婿，鳗鱼店，传承的秘制酱汁，离家出走的女儿，什么都不会大学毕不了业的儿子，因为500万，这个故事有个美好的开始，店铺和家人哪个更重要？被忽视被排斥，设立了屏障，打碎了酱汁却修补了僵持的关系，家人，就是比谁都爱你。
3,为了鳗鱼饭给的三星TAT
3,我真的不是长泽黑，但演技……还没有剧中的演她儿子的演技好
3,卖点是亲情，对我来讲真是毫无亮点的一个SP。不过柄木佑竟然是演好人这点就要感动了一下了吧，嗯
3,真想吃鳗鱼饭啊。。。
3,長澤まさみ 好漂亮啊 然后 想吃鳗鱼饭啊
2,矫情
3,家庭小温情
2,没有那谁我是不会看的
3,20130303 Xperia TX
4,好温馨。
3,实在是一般，故事为了完成大团圆的结局达到温情一把的目的，对剧情的编纂实在过头了，尤其女婿浪子回头的段落。masami美则美矣角色却相当不招人喜欢，犹是如此老老小小们也还算勉强完成了治愈目标，剧名什么的反而有爱多了。
4,又是小温馨
3,剧情的话 真的不太合我口味 如果不是masami我都不会看完的吧 
3,快对这种温馨版的既定模式免疫了，好在够短。
5,最喜欢这种特别生活化的温馨喜剧~~~~
4,MA酱的腿.....特嗲了伐～ 爸爸教育KAMEIKIJI的时候滿感人哒～
1,甜心的演技啊，硬伤啊
2,masami都演孩儿他妈了。。。
4,话说鳗鱼饭吃起来很无聊啊- -
5,小姐，你的熊~~
5, 小姐，你的熊掉了
3,不行了。。。
5,"哈哈哈哈哈你的熊掉了哈哈哈哈哈哈哈哈哈
"
4,2010.7.1 土豆网
5,又厉害又搞笑又可爱又温柔，布里格斯的那个女人真是不简单，哈哈哈哈
,````
4,彪悍雄壯的主婦是如何踏上煉金朮之路的呢？請回到18嵗青春年少的回憶之中。yyd惡搞無下限啊這是！忽然覺得愛力克兩兄弟當年的荒島求存1個月，甚冤枉哉。
5,这一集日式复古风格的细节好喜欢 初恋笑死我了
1,小姐，你的熊掉了 小姐，你的熊掉了 小姐，你的熊掉了 小姐，你的熊掉了 小姐，你的熊掉了 小姐，你的熊掉了 小姐，你的熊掉了
5,小姐 你的熊掉了
3,小姐 你的熊掉了
5,小姐，你的熊掉了，哈哈哈
4,师傅霸气外露了
5,哈哈哈，在剧情差不多忘记光的情况下，还是被师傅炸出来了。
5,原来主妇还有这么青葱的岁月呀~哈哈哈。小姐这是你掉的熊吗？啊哈哈哈
5,你忘了你的熊！
5,小姐，你的熊掉了
5,小姐，你的熊掉了
3,爱情的自恋
2,2014 欧盟影展 第七场 崇高的信仰 无望的爱情
3,3.7
3,部分声音先导及剪辑颇有特点
5,爱玛怎么会那么美……？不，不会。但可以肯定的是，在夏尔、里昂眼中，的确这样美。这个女人是个梦，人人都迫不及待的踏入这场梦……
3,这一版呈现包法利夫人的形象还可以 舞会那里最花销 果然美国人的拍法
3,包法利夫人的扮演者太缺乏颜了。。。
5,诶。。老公如此好。。实在不应该啦= =~！
4,愛海只愛海的驚濤駭浪，愛青草僅僅愛它遍生於廢墟之間。她必須從事物得到一種切身利益；凡不直接有利於她情感發洩的，她就看成無用之物，棄之不顧——正因為天性多感，遠在藝術愛好之上，她尋找的是情緒，並非風景。
4,女主角美翻了。。包法利夫人简单的说就是个文艺女青年用生命演戏的故事。。
3,舞会那一场还可以，明里尼就是适合拍歌舞片
4,五六年前在学校报告厅看的，那时候看过的影片印象都好深刻
4,珍妮弗·琼斯太美了，开场穿着白裙煎蛋的场景太难忘，整体的感觉都还好，但是看小说还是更有代入感一点，福楼拜的文字电影表达不出多少来。
3,果然只有舞會拍得出彩……
4,我认为这是最佳版本
4,"爱玛是一位美丽浪漫的女子，嫁给平庸本份的乡镇医生包法利，成为了包法利夫人。由于受过贵族教育，她迷恋浪漫主义，一心追求奢华的生活。为了取悦情人，包法利夫人欠下巨债，面对情人的抛弃，债主的追债，她走投无路，服砒霜自杀。

主演珍妮弗琼斯在黑白片中极美，那个时代的女明星没有人工雕琢的痕"
4,影片做了很多改编，子爵和罗多尔夫合二为一，包法利最后没有给跛足的杂役做手术，他也很早就觉察到爱玛的出轨。这样一来，包法利这个人物形象就大打折扣了，最后打了爱玛一巴掌，变成一个道德的捍卫者，加上举手投足十足的美国人腔调，与原著大相径庭。优点是剧中的舞会画面非常精致漂亮。
4,舞会真美。
3,灰姑娘那条裙子是包法利夫人穿过的吧
4,一个人的经历没有什么是多余，后天培养因素中环境重要性NO.1。
3,片名可以改叫 福楼拜新说包法利夫人。艾玛很乐意嫁给查理。查理拒绝做矫治手术，并且发现了艾玛和罗道尔弗的出逃。很多奇怪且意义不明的改编。整个故事已经没有前因后果的牵连了。并且女主长得很…奇怪。服装好看。
4,把小说当现实的堂吉诃德，浪漫主义的解构。Emma让人爱不起来也恨不起来。舞会那段很精彩，把Emma的个性表现得很到位。
3,49版算是最经典了 比14翻拍的好很多 不切实际的浪漫主义拜金女青年花样作死 做人不能太包法利夫人 舞会的戏是亮点
3,我怎么这么讨厌这部电影....
4,像张士豪那样的男生是每个女生都喜欢过的吧，高高帅帅的，打篮球，骑山地车，笑起来很阳光，但那时候一般都不会有勇气去争取的啊，等到已经长成大人已经满怀勇气了的现在，那样的男生就没有了。
3,"很好看,很长时间后想起来,还是很好看,永远记得陈在里面青春无敌的样子:hi,我叫张士豪,天蝎座A型.."
4,一个女生喜欢男生，却让喜欢着她的小T帮忙追男生，结果男生爱上小T，小T变直的故事
5,"“于是，我似乎看到多年以后，你站在一扇蓝色的大门前，下午三点的阳光，你仍有几颗青春痘。你笑着，我跑向你问你好不好，你点点头。三年、五年以后，甚至更久更久以后，我们会变成什么样的大人呢？是体育老师，还是我妈。虽然我闭着眼睛，也看不见自己，但是我却可以看到你。” 
"
4,孟克柔说，我是女生我爱男生，我觉得和男生接过吻也许就不喜欢她了，我不能告诉她，不然我们连朋友都当不成了。张士豪说，我叫张士豪，O型血，天蝎座，游泳队，吉他社。要是有一天你喜欢男生了 一定要告诉我。林月珍说，我喜欢了他那么久，还是在捡他的垃圾，要是把他原子笔的水写干了，他就会爱上我。
3,“如果你十七岁，你想的只是能不能上大学，不再是处男，尿尿可以一直线的话，你该是多么幸福的小朋友啊。”“好不甘心喔，整个夏天都快过完了，好像什么事都没有做。”用两句水成这样的台词就把我戳成傻逼，到底怎么做到的。
3,多年以后，你就变成了大仁哥
5,最後一段对白挽救了整部电影……至少我是这么觉得……
3,她说她喜欢月珍的时候 好吧我还是挺吃惊的
4,"我叫周星星，白羊座，A型，辩论队，篮球社，我还不错啊。 
"
5,如果人生只有尿尿不能成直线的问题，该是多么幸福
4,适合18-24岁左右人士观看 单纯得像水一般的感情
3,又是一部与青春有关的片子 像蓝色那样清澈又深邃 最后的台词加分
5,非常真實的電影 如同週遭的生活一般  91年
4,青春的窃窃私语。 
4,"我叫张士豪 天蝎座,O型，我是游泳队吉他社的 我还不错哦"
3,很典型的台湾文艺片，最后的对白最棒！
4,要死啦，17岁少男少女幻想五年后已经觉得是好远了，可是这个想象中好远的“大人”也比现在的我要小啊……桂纶镁好虎！太可爱了！陈柏霖真是单薄的少年，面对自己喜欢的酷女生时一脸忠犬，面对不喜欢的女生，无师自通就学会了摆出冷峻疏远的表情。不过桂纶镁这种小娘T的感觉好可爱哦
5,虽然我闭着眼睛也看不见自己，但是我却可以看见你。
3,故事过于平淡，徐海乔颜值巅峰之作
5,徐海乔最苏，最帅，最甜，最善
1,怎么说呢？好奇葩，好嗲。不过女的很漂亮。
2,2019年11月1日，去电影院看水木年华团队的电影《一生有你》吧，会有大不一样的感觉。
5,好
3,期待
1,"17/11/2018 @ UA Megabox。以情色片來說女角都太醜了吧？男主那個66手勢有夠奇怪,跑車調快鏡頭也明白,但逃跑和打架場面也是如此就太好笑了。而且一個在台灣發生的故事香港演員們都在說粵語...."
3,真人加3D CG，不少配角和龙套是3D动画来的，这种形式我还是第一次看到。剧情好像也没什么好说的，一个被判了死刑的神料理自己的后事：附身在一个男子身上去强奸一个能生神的奇异女性（非人类），目的就是让那女性生下神……囧。男主角看着眼熟，应该是《钢琴师》里的那个德军军官，其它还在什么地方见过就想不起来了。
2,一群造型奇异甚至比较牛逼的人与非人表演了一部基本没有主线的游戏demo
3,就是这部片！！！！！！！！！！！我之前一直想不起来这到底是什么坑爹片啊。。。。好像是初中看的被雷焦了
3,不太明白。。埃及神在未来传种接代的故事？？音乐还不错。活人演员有几个？男主角、女主角、男配角、女配角。四个？男女主角相遇之前都还蛮好的。那一段段宗教仪式般的吟诵我很喜欢。那声音、节奏和语调。
4,情节乏善可陈，但画面极具后现代主义风格，凝重压抑的色彩，令人为之痴迷。
2,创意很好，故事很好，拍出来的节奏就乱七八糟，不能指望法国人用镜头语言去讲一个本就讲得很出色的故事，他们只会做得更糟糕；反之，没有故事情节，他们倒做得比较好。Thomas Kretschmann很美貌，太阳神很威猛，蓝色是最美的颜色。
3,由性生爱？？繁复庞大的背景就讲了一个爱情故事？？！！有点莫名～～
1,即使这部电影拍摄年代如此久远也不能阻止我鄙视里面类似游戏demo的画面。
2,很神奇的片子，动画和真人演的片子，蓝色抑郁的苍凉感倒是很合我胃口。剧情让我睡去了
1,把我恶心了的科幻烂片
4,记得是蛮不错的科幻片，哲学性也蛮强的，当时大一还是大二的时候整个寝室除了我看懂了5、6成，别人都看不懂，囧。
3,女猪惊艳却总是一副很奇怪的面部表情。CG在当时也算牛逼了吧。剧情乏味，一看到是英法意合拍的立刻释然了。
3,"那啃噬我的灵魂，令我晕眩、混乱 
　　它无情地落下，滚动，昏厥……直下冥府 
"
1,法国人就喜欢拍这种垃圾意淫片，使劲的装深沉。还有画面也做得很差，简直就像动画片。
2,果然是个陷阱，CG又不是CG，真人也不是真人，只有三个演员是真的，其他都粗陋的动画人物，又神又外星人的，烂啊…整剧就是说埃及那个鸟头神成功地留了个种……不知所谓……仅有的亮点是女主角长得不赖
3,又是一部高中看的电影，貌似是租回来的DVD里的，那个年代啊，我一点都不怀念，只是怀念高中时看过的电影
2,看到后面简直都忘了那个弱智侦探是来干啥的了...后来经主角提醒，才记起他是为了破连环碎尸案...
4,没看完，这四星是给的动画及场景部分，对于那三个狗头猫头鸟头的埃及神祇，我只能说，恩还是很Sexy滴，因为基本上是裸体( ⊙ o ⊙ )！
3,要重溫啊 劇情都忘了
3,补标，戴爷推这部看也是醉了...她说当年大荧幕看到这样的效果极为震撼，但是十年后看着这一堆3D效果比肩模拟人生的小人实在是视觉疲劳...情节真的蛮单纯的戴爷说是因为信息量太大，好吧whatever...
5,甜心❤
3,长泽雅美美得让人心慌，单为这也得添一星吧。剧情什么的全是浮云，矫情做作果然也有亲情的一面。
3,长泽你是要不要主剧啊。。都干嘛去鸟！
5,好好玩
4,果真还是家庭剧最温馨呐~~~~比谁都爱你，说出来真豪迈~~~~~
3,鳗鱼饭うまそうだなあ。
3,卖鳗鱼饭的一家人 看得我都想吃鳗鱼饭了~
3,最近看电视不行啦
3,這個……有點湊數了吧
3,只是等待是不会成长的。
5,テレビ静岡　在最近看了如此多大烂片之后 这部简直是让我感激涕零啊 最爱这样的日本家庭戏 最后那首演歌让它从4星升华为5^^
3,http://www.douban.com/group/topic/19836455/
4,温馨又好看。
4,这剧本何德何能能上电视。。。
3,还不错 一小时的sp果然勉强了点。。。柄本佑跟艹帝好像==
3,只有小孩滑倒的慢镜头比较有意思。长泽雅美也太清新了，那个妆很淡。
4,冷笑話好多。洗完澡之後看簡直太治癒了。
3,那个酱好诱人的样子~！
,落语温情
4,还不错看，温馨小剧
4,同样的题材，天朝都拍烂了，有几部能这么好。
4,刚巧连续看了几部有国际歌的电影，赤色分子的歌声异常激昂，共产主义的坚定信徒们在上个世纪初期带来席卷全球的风暴。
3,只能说战争就是这么残酷，再惊心动魄，最终都会化为魂灵，或是遗憾和痛。
5,我要信仰共产主义了。
2,西班牙左翼电影，带有明显的意识形态倾向。表演略浮夸，调度比国产电视剧水准高点，摄影不错。
3,姐姐比妹妹漂亮，“黑夹克”够帅，西班牙版江姐…在那个佛朗哥镇压残杀共产党人的环境下，被捉的女共党在监狱里居然有母婴区，母亲被杀后婴孩还顺利交给亲人了…所以说哪个国家的共党也没我国共党遭遇更残酷，于是也就革命更彻底。
5,坚韧的女性的形象。也不知道西班牙本国人看这个是什么感觉。难道会像我们看红色电视剧一样有不良反应？
5,有了这个结局算不错了 要知道我可是不怎么喜欢**party
4,苦难、坚韧、信仰与泪水。这算西班牙的江姐们吗。西语国际歌挺好听的
3,一部以故事见长的情节剧，满是情绪、痛苦和暴力，无辜的女性成了残酷男性革命和政权的牺牲品，监狱内的女人集体精神恐惧，监狱外的女人开始社交恐惧。母亲失去子女，亲人骨肉分离，片中尽是苦难和不公，两位女演员的表演也时刻柔韧着观众的泪腺，即使死亡不可避免，但人的那股信念一直都在。★★★
4,原来西班牙也有内战。
3,西班牙语忘得差不多了
3,西班牙版的江姐，再拍也没咱这么主旋律。
5,那是一种伤，在血液里流动···
5,看过太多，拍过不少。越发喜欢有条不紊的讲述，电影语法用得有章法的影片了。
3,洗脑和无神论一念之间
1,西版红岩
4,一部并不算深刻和别致的战争片。对残暴纳粹和虚伪宗教的控诉很直白，纳粹主动让怀孕的姐姐生完孩子再被执行死刑，这从剧作的角度来讲其实削弱了一些批判的力度。但是全片的整体气氛还是很稳重和出色的，用下一代来象征苦难中的人们终有一天会走出阴霾，这招总是有效。
4,每个民族都对自己被压迫的时期有一种特殊的虐恋。西班牙也是如此，只能说弗朗哥的外交才能让现在的西班牙导演少了一大堆可歌可泣的故事啊。没有弗朗哥在德、苏、美、英之间跳舞，西班牙被卷入二战不可避免，甚至会成为冷战的第一线。估计西班牙导演很恨弗朗哥吧。
4,西班牙版江姐… 也是太会比喻，红片拍得这么动情，还以为板鸭是社会主义国家呢。
5,"你赢了……

再过三年，或者五年，
如果你开始喜欢男生，
你一定要告诉我……
笑屁啊！
我是说真的……"
4,温馨感人
5,孟克柔张士豪林月珍。天蝎座O型，游泳队吉他社，我还不错哦。
5,"台湾导演对于青春片的把握让人咋舌.
反正看得心里又温暖又感动就是了."
4,最后一句台词值一星
4,“张士豪，什么时候尿尿能不分叉，什么时候我们能长大？”青春文艺片的唯美鼻祖，真的是好有青春的气息而又不矫揉造作，一起看大海，一起等绿灯，一起拼车速……可是尽管我那么爱你，你也只是没办法爱我而已。
5,这部电影代表了大部分人对台湾青春片最初以及最深刻的印象。
5,我把《蓝色大门》作为我二十一岁的礼物送给自己。
4,无法评价 那是一个我理解不了的世界
4,一年后，三年后，五年后我们会变成什么样子呢？由于你善良，开朗又自在，你应该会更帅吧，于是我似乎看你站在蓝色大门前，下午三点的阳光，你脸上仍有几颗青春痘，你笑着，我跑向你问你好不好，你点点头，三年，五年以后甚至更远以后，是体育老师还是我妈，虽然我闭上眼睛仍看不见自己，但却可以看到你
5,年轻时要看一下，必须的。
5,孟克柔遇到张士豪其实挺幸运的，他身上有很多可贵的品质，正如她所说的“善良、开朗又自在”，他不仅帮她确立了性取向，还鼓励她向喜欢的女孩子表白，最后他还说“如果有一天你开始喜欢男生，一定要第一个告诉。”
5,好喜欢克柔的眼神啊，我的青春怎么没有这么羞涩过
4,"这样的青春片难免会让人心动，真挚而清新，温暖而感人。台词都自然流畅，从一群正处于青涩年龄的小演员口中说出来，更像是自己青春的独白。有时候欣赏这样一部有诚意的青春电影，会由衷地感谢导演，感谢他给了我们这样一幕呈现我们每个人青春的剧作。

"
3,三星到三星半的水准，没那么好，缺少些电影质感，但也算比较良心的青春片，演员都是适龄而不是装纯硬上，剧情其实也非常简单，除了塞进桂纶镁这个在三人中角色和作用都比较特殊的人物外，整个故事还算写实，好在没有太刻意追求戏剧性。和片中三位主角类似，每个人的17岁都会有这样一段“失恋”经历吧。
4,时过境迁却不走样的《蓝色大门》将暗恋这件酸酸甜甜的小事诠释得极其到位，这要归功于影片对于真实生活的细腻洞察和捕捉。然而以如今的眼光去重审这部有关性启蒙的作品时，我们立刻就发现了校园里那些暧昧不清的关系充满着危险与后怕。初吻固然十分重要和必要，不过遗憾的是我们无法通过接吻来确定自己的身份以及性取向。但好在主人公们都像《娜娜》一样把这个问题交给了流变的时间来作答。
4,"那年夏天,属于我们的回忆."
4,青春也许就是这样吧，不经意的一眼也还是能够望见人群中的他，总是在跌跌撞撞中成长和遇见美好。愿所有的你都能在最美的年华遇见最美的她。
4,所见过的把真实体验与浪漫情怀糅合至最佳的华语青春片！有N多经典的人物行为细节设计的巧妙，能产生很真挚的心理共鸣，让三个人物绽放的青春懵懂之心都极为动人。有同性元素的存在让三人爱情形成了最有戏剧性的套环。稍不完美的是男女主角的关系发展与同性线索展开稍显失衡，让孟的同性取向说服力不足
5,"青涩懵懂而满怀希冀的那年夏天。1.纯净美好,真实感人,除克柔那句""如果...小朋友啊""外,毫无矫饰。2.朦胧的同性恋纠结,超越传统青春片。3.选角成功,小镁和柏霖的气质与表演大赞。4.几处精彩的远景固定长镜:搓信踢踏舞,水饺店转悠与体育馆打架。5.青春消逝于游泳馆与海滩边,挥霍于单车追逐中。（9.5/10）"
3,看封面以为是诱惑的情色剧，打开后才发现是属常规，但由于语言问题，实在难以理解剧情意思，如果单纯为看情色，就不用下载了，浪费时间。
3,现代版的俄狄浦斯，感觉命中注定的情节有点融不进现代背景，要是不知道原版故事的话看着办会感觉莫名其妙。男主的咆哮技能堪比小马哥，裸戏还有一幕摆的小野洋子和约翰列侬的风骚姿势，看着好奇怪啊，只能理解为恋母情结的一种外在表现了（但是当时男主还以为自己死去的后妈是亲妈呢啊）
3,不太感冒。
5,没字幕
5,2014旧历年最后一部片子 可见春晚多无聊
4,对于美的追求是没有错的，可是我们还是需要控制自己的欲望的。看了小说的开头感觉电影表现的不够全面。
5,2个小时之内还原成这样很不错了。人物各自的特点被夸张放大，包法利夫人更加虚荣浮华贪得无厌，医生则更加软弱可怜。那个时代的女人生的不好有点野心就是想入非非，有点姿色也不知是福是过。
4,镜子的运用经典。相框和窗户也不错。很好的把小说语言转化成了视听语言。
3,这个主角颜值不够呀
3,标准美国人翻拍，是看过Jones演的第二个心比天高命比纸薄的形象，上一个是嘉莉妹妹。一星给Louis Jourdan这男人太帅了他的法国口音很好听，虽然又是一个花花公子……
4,珍妮弗琼斯很像家有儿女里的朵朵。台词很棒，凡赫富林演这种老实巴交没魅力的老公太违和了
3,她很想去巴黎，她也很想死。
3,原来已经看过了，今天复习了一遍。
4,又懒又蠢到底哪里值得同情了
4,不是那个味儿
5,子爵的美貌压倒了剧中的一切。
4,在找一个优秀的人还是一个对自己好的人这个问题上，她做了一个冒险的决定。“没办法啊我就是这样的人啊！”
5,还是老版好莱坞的好看，服装造型人物场景都很符合，虽故事情节略有改动，但是以诉讼官司开头以福楼拜之口道出故事，还是很有创意。
3,包法利夫人就是一位玛丽苏深度患者，完美诠释了心比天高，命比纸薄。
4,旧的梦想破碎 就会产生新的梦想 而新的梦想破碎 只好跌进无边的黑暗
4,跟小说比起来略去了许多的细节和故事，不过也非常成功地塑造出包法利夫人这个执著追求上流社会生活的女人的形象。也许是时代的差距，在过去一个女人若是想改变自己的社会地位，只能依靠嫁个好丈夫，如《傲慢与偏见》的开头。若单方面以现代女性的视角来评判爱玛，那她确实是个无比失败沉迷于幻想中的人
3,哈哈哈这明明是斯嘉丽啊
4,时代的变迁，便使女性有能力为自己的欲望买单。而不至于因欲望而破产，无论是经济，名誉，情感，还是整个人生。
3,改编怎么都不如原著。
4,好几次都觉得要结束了结果都没有结束。有些地方讲不清楚让人有点云里雾里。觉得动机性不足，是导演在拖着我们向前走。学生作品比较完整的‼很厉害啦‼反正我大概是拍不出QUQ
3,电影节看的
5,2012/05/13公視。
4,学生作品，但是很完整。
4,比较成熟的学生作品，运镜很娴熟，但节奏太差了。
2,无语
3,存盘
4,"男主被恶灵附体,题材新颖。喜欢！"
4,虽然借体杀人复仇的题材很常见，但这部意外的不错。
4,已有
4,三星半，就是一个被烧死的人的鬼魂附在男主的身体进而对杀死他的人复仇的故事，这个电影某些方面有点像东野圭吾写的小说（变身）。
5,哈哈哈好可爱
4,师傅一直很女人很强悍
5,哈哈哈哈，伊兹蜜也有这样的故事！
5,哈哈哈
5,小姐，你的熊掉了……（没有错字）
4,小姐，你的熊掉了。
5,小姐，你的熊掉了
2,法国就是不能拍这样的电影 不伦不类的 大场面说不上特效也山寨似的还搬来了埃及神话和科幻相交错结果什么都不是………|||
3,这部是躺枪。下错了的电影。。。看了还不错，故事设定和科幻色彩都挺好，剧情可以无视，和好莱坞那种类型还是有很大不同，小清新。
5,(ง •̀_•́)ง “小姐，你的熊掉了！”
2,-，-
4,笑死了，izumi老师的原型应该就是牛姨自己吧，而且牛姨丈夫应该是个超级健壮的熊男 XDDD
4,HC师傅的爱情故事，哈哈哈！
4,小姐，你的熊掉了。。。。。。。。
3,Enki Bilal导演的这部不杂的= =虽然画面挺好看
3,怎么说，感觉片子拍的还是有点莫名其妙的，也许看了漫画会好些吧，不过整体我是喜欢的
3,20080223 西苑宿舍
4,就冲埃西奥斯的流氓，要多给两分的。果然，长个鸟头的都是鸟人。
3,看不太明白，印象最深的是那个跑到凡间强奸女人的鸟人……
4,逗比~~
5,哈哈哈哈 小姐 你的熊掉了 XD
4,师匠萌~
5,小姐! 你的熊掉了！
5,只是一个寻常的主妇
2,风格好奇怪的电影，电脑特技与真人的结合，剧情又莫名其妙。
4,个人很喜欢的一部科幻片，似乎每一次看都是在深夜，真人与cg相结合，科幻与宗教相结合，人物时而是真人演员，时而是卡通造型，配上忧郁的蓝色，真是相当前卫和忧郁的一部片子
3,红色鲨鱼头到底是什么玩意儿
2,一开始觉得挺新颖的，但看了又在实在没几个真人，做到太假于是实在看不下去了
2,为了浪漫，真是不惜科幻，神话，蒸汽朋克一起上场，然后就说了点芝麻大点的事，实在浪费了这么多资金的投入。喜欢片子里的服装，那叫一个酷啊，另外就是兰普林阿姨竟然可以如此超现实，女神啊。但是怎么觉得那么像第五元素啊，看着看着真有点穿越了。
4,小姐，你的熊掉了
4,熊（？）掉了
4,小姐，你的熊掉了
5,很早看过的一个电影。不知道为什么 就很喜欢。
2,"关于这个片只记得女主角发型和身材都不错.还有埃及众神飘到法国乱搞,各种奇幻科幻混在一起很诡异...那个太阳神荷鲁斯的设定太特么怪了,简直就是一禽兽,当然它就是禽兽...再说人家在埃及神话里还穿衣服呢.诸神确实混乱了...在《24格》上看过漫画连载，还下了全套原版漫画.跟碟一样找不着了..."
4,"这片需要静心看, 有点混乱,尤其是碰伤字幕线不对的, 基本一半时间调字幕一半时间在听译... 用普通青年的话说就是一半真人一半CG的漫画改编电影;用文艺青年的话说就是蓝色的眼泪染了你的手臂, 如此宿命;用2B青年的话说就是麻痹 鸟人附体QJ蓝发女~"
5,神话与科幻的结合较成功的创造了某种后人类情境。手捧《恶之花》，咬死白鸽的神之子。
3,这真的好混乱。。。但动画和真人感觉很不错。。喜欢视觉效果
3,动漫改编，没有看过漫画原作，可能无法理解全部剧情，感觉就是古埃及神话里的太阳神鸟人附身人类帅哥，强暴一个正变身地球人的外星美女的故事。大量CG动画，喜欢魔幻加科幻风格的可以看看。
5,喜欢的人会看很多遍
2,于我来说 唯一的亮点 就是最后男女猪的对白了 
3,看猫王
5,冒着被剧透的危险登录豆瓣，是ELVIS给了我勇气！这个电影名字很土，但出人意料地还成，女主都很美，“40岁的侏儒”小朋友超可爱，歌好听，剧情也没那么糟糕。当然最重要的是，猫王真的好帅呀。
3,纯属为了看猫王�
5,一切關于政治
4,同性恋在政治环境下的一次突破，通过一个特殊人物的视角展现了整个事件的过程。影片涉及到了当代社会许多方面，包括公民意识，政治腐败，艾滋病群体等。缺点是太浅尝辄止，对人物刻画也有些虎头蛇尾，太局限于整个事件，忽略了主题深化以及细节。
4,很多描述GAY的片子不是太文艺太黑暗看不懂就是太无厘头，这部不文艺也不无厘头，但是很真实
3,一个kiss打破一切
3,题材不错，可是线索过多
3,参议院的儿子的同性丑闻曝光，导致竞选危机，一个模范家庭瓦解
3,属于过目即忘类型的电影
3,男二演这部戏的时候已经35啦！保养不错嘛。然后男主妈妈和女主是不是les啊，感觉怪怪的~
3,好吧...我想看床戏...结果什么都没...
3,如何作到那么坦然，那糟糕的一刻，谁都不想再试。我看了，觉得还好，但不想推荐，好就好，何必一定要推荐知会别人呢
4,参议院的儿子的同性丑闻曝光，导致竞选危机，一个模范家庭瓦解！
3,果然拉上政治就让人很压抑，其实抛开同志，抛开政治，就是一部很简单的少年成长史而已，充斥着酒精，毒品，性爱。
3,非常吃惊，这个小成本的电影不得不让人拍手叫好，算是政治还是自我救赎？三星半三星半，哈哈
3,小成本的好電影~
3,题材很不错本应该可以拍个大片格局，应该是受限于导演能力吧，男主很可爱，
5,好极了！！！
5,感同身受
3,男主好可怜，有那种爸爸，而且难得相信别人结果差点被利用。哎。
4,意外的好看
3,政治性太强。没感觉的片子
4,"温情小片，,masami很可爱"
5,"看着有泪点
"
3,结尾还行，前面有点不着四六……
4,轻轻松松~
3,鳗鱼饭~
4,又是一部简单的小温馨
3,"家人之间的误解到冰释前嫌,最后温馨的家人们.整体闷闷的,但还是看完了"
3,鳗鱼店的父亲 VS 带著孩子回娘家的女儿...三星半...
2,非常无趣的片子，纯粹看人
4,❤甜心❤Nissy❤
3,要不是有长泽，这剧没什么特别值得看的
3,那个慢镜头~~
3,篇幅虽短，人物刻画不错。
3,看不下去……
3,如果不是Masami。。。
4,西岛
3,鳗鱼店祖父母、入赘女婿、离家出走的女儿、废柴儿子，家人就是比谁都爱你。虽然五郎出轨洗白那段很狗血，但是除此之外的部分都足够温情。
5,不沟通谁都不会有笑容也不会流泪，不管岁月怎么变更，我比谁都爱你
3,温馨治愈家庭喜剧~
3,日本家庭剧就是在平凡中感动人
4,2011.10.29开始看的第一秒就被震住了，上译厂啊！全豪华班底啊！但是我的确是强忍着看完的，改编得太过了，伯爵就是一孔武有力的蛮夫，梅尔塞苔丝就是个毫无节操的荡妇，最可怜的是唐格拉尔……结果变成纯粹靠着上译厂的声音“看”下来了……这对一个初中时代就看过无数遍原著的孩子是多么大的伤害啊…
3,上译版，180分钟，复仇部分较原著改动较大，并无太多出彩之处，牢狱之灾的苦难和复仇成功的快感表现都很平淡
3,拍的文艺腔过重，不够激烈，情感上也略显平淡，和看原著小说的调子不大一致。上译的配音倒是真好。
4,古人对感情的表达真是比较认真
5,与改编质量无关，电影是好电影
4,上译精品。。。
5,总之，是从头到尾都很精彩的电影。
4,1961版
4,看书更好，情节设置绝对是意料之外的好，赞叹这样的名著，名副其实。
4,还是法国人自己拍的比较忠实原著
4,还有小人书呢
4,听过经典的配音
5,因为配音…………所以力荐- -
3,看了之后只有遗憾，这不是我想要的基督山伯爵，本应该是机敏睿智的他，到了这里竟然变成了一个隐忍疯狂不顾一切的怪物，该死的编剧！
4,昨儿在伊夫岛，遇到一罗马尼亚人，自称是Edmond Dantès……o(╯□╰)o
5,这封面~~~~~~
4,“爱就应该为你爱的人造福，而不应该为你自己”——爱德蒙唐泰斯最后意识到自己疯狂的报仇多么愚蠢。这个版本的国语配音很经典。女主一个比一个好看。虽然这个片子长达2个半小时，但和书相比仍太简单。
3,我真不明白为什么没人肯老老实实翻拍这部大仲马的巨作，全部都改的面目全非
3,2011/11/13/与记忆中的小说改变之处太多了，我是看过小说的人，不知没看过原著的人看这部感觉如何，一般，不是太好，我最喜欢的法官家女儿和船长儿子的戏码根本没有!剧情版本不如1998年的屠夫版，不过61版总算有点气质了（之前看过新基督山伯爵  (2002) 和基督山伯爵  (1998) ），下次再看看55版的
4,名著改编经典译制片也经典。。喜欢看复仇题材。。男主角前后变身很帅就是女的有点搓气呵呵。。那时欧洲合拍的片子都好嗲哦。。
4,很青春，很美好
4,“好不甘心哦，夏天都快过完了，好像什么事都还没有做。” “对啊，什么事都没有做，每天就这样跑来跑去。”
5,我当年非常像林月珍
4,"于是我似乎看到多年以后，你站在一扇蓝色的大门前 
下午三点的阳光，你仍有几颗青春痘 
你笑着，我跑向你问你好不好，你点点头 
三年五年以后，甚至更久更久以后，我们会变成什么样的大人呢？ 
是体育老师？还是我妈？ 
虽然我闭着眼睛，也看不见自己，但是我却可以看见你"
5,青春啊 飞驰啊
4,“于是，我似乎看到多年以后，你站在一扇蓝色的大门前，下午三点的阳光，你仍有几颗青春痘。你笑着，我跑向你问你好不好，你点点头。三年、五年以后，甚至更久更久以后，我们会变成什么样的大人呢？是体育老师，还是我妈。虽然我闭着眼睛，也看不见自己，但是我却可以看到你。”
4,"真实的故事，让我不停在其中寻找自己。

最后的独白让我再一次陷入深深的感动。

当“The ending...”的字母伴着背景音乐出现，我们的青春也似乎告一段落。
"
4,一般人根本猜不到这是一个什么故事。嘻嘻嘻。记得当时陈磊播放给我们看，快把我笑死了，张世豪要追求桂纶镁，然后桂纶镁拒绝：“我很麻烦的。”张世豪说：“我也很麻烦啊。”桂纶镁一副生无可恋的表情冷笑
5,07年，我听见“三年五年以后，甚至更久、更久以后，我们会变成什么样的大人呢？”，5年已经到了，张士豪已经不在了
5,十三年前，陈柏霖演运动型高中男生，被两个以上女生暗恋，看到喜欢的人就憋不住傻笑，最大的秘密是尿尿不成一条直线。十三年以后，......他去演了《万万没想到》。还有桂纶镁，原来她不面瘫这么这么好看耐看啊！可爱的年轻人啊为什么要长大变老。
5,不可思议，那段时期我们都幻想自己是白色衬衣单车少年，为尿尿分叉忧虑，后来我们毫无意外变成大人，也失了那些莫名其妙、毫无用处、做作矫情的理想。但我怀念他。
4,"在那个闷热而又无所事事的夏天,有着青春所有的记忆.多年后,走到那扇蓝色大门前,才发现青春也只是到此一游.高二时的桂纶镁是本色的清新,令人印象深刻.""虽然我闭着眼睛也看不见自己,但是我却可以看见你."""
5,这台式小清新真是看得我心旷神怡如沐春风，下辈子我也要做一个花衬衫短发骑着自行车和出租车抢道的风一样的男人。
4,因為陳柏霖去看的這部片子，彎彎果然是很適合這種小清新小文藝的風格啊~~拍得很有感覺，那時候的桂綸鎂還是個小小的女孩子，那時候的陳柏霖也還是個兄啊正太，可是就可以演的這麼好，真的很難得。你17歲的時候，在爲了什麽問題糾結呢？
5,偶爾不由自主地闖進一個平行時空，那裏天空特別湛藍。猛一驚覺，是回憶。電影如同一位看過世間百態，世故的不能自己的大人躺在青青草地上闖入這平行時空。劇情著重在校園部分，但所要傳達的卻直衝整個大人世界。還在懵懂未知探索的青少年時期，敢追敢夢敢冒險。「我們留下什麼 就會變成什麼樣的大人」
4,每个人都向往着那种在校园里发生的纯纯淡淡的青涩爱情，并有一个好朋友可以和自己分享这一切的一切，电影让人想起自己校园时代的初恋，很久没看那么纯的电影了，真的，帮别人追一个女孩真的会喜欢上那个女孩，在电影里的版本则是，会帮自己喜欢的女孩追男孩，台湾拍校园里纯纯的电影是有一套的。
5,“三年、五年甚至更久更久以后，我们会变成什么样的大人呢……”
4,年少的爱总是单纯而执着。就像张士豪一直追着孟克柔问，那你为什么要我吻你，那你为什么要牵我的手，一直想要找一个答案，关于我有什么不好的最终答案。可知，不是你不够好，是我不喜欢你。
5,从第一秒开始，影片吹弹可破的纤细气质就通过主角少女的这场夏日暗恋缕缕散射出来，青春就是任头顶的阳光怎样暴晒都不会被蒸发掉一毫升的湿漉漉。当少年们离成年人真正的缱绻情爱还有好一段路要走的时候，他们那个年纪特有的讲话方式、动作等，被摄影机用非常尊重的方式记录下来，化为影片特殊的电影语言被人铭记。如果仅从桂纶镁、陈柏霖“最好时光的留影”的角度看，难免将其当做简单的偶像剧来审视，如果拿它认真地联系自己，又难免扎心，所以永远不想客观地评价这部电影。没错，是扎心了。
2,不好看，没看出来桂纶镁哪里好
4,西班牙真是一个以女性题材为主的国家。柔软，坚韧。
3,觉得革命时期的悲喜剧，还是东亚拍的好。看到了很多奇怪的名字hortensia tomasa cochita。宗教也曾经助纣为虐，而人民也没有放弃它
4,看惯德国波兰甚至中国日本的二战片 很少接触这么典型的纯西班牙片 有小说做底子果然故事结构足够有力 献给女性。美女共产党没伤不科学。小可爱演得真好 泪汪汪大眼睛特别动人。你我都没发起战争却都承受战争灾害。共产党人没有我们爱孩子。
2,无谓的牺牲
4,时代社会家庭的大动荡时期 故事讲的有条不紊 循序渐进 少见的不突兀的爱情线（。
3,西班牙的江姐。那时候逃亡到图卢兹是多么幸福啊… 我相信把一国交到任何政客之手他们都声称不会颤抖的。
4,ʕ•̫͡•ʕ*̫͡*ʕ•͓͡•ʔ-̫͡-ʕ•̫͡•ʔ*̫͡*ʔ-̫͡-ʔ，西语的常速太可怕了。最后感动的一塌糊涂。
5,没有信仰的我永远都想不明白为什么会明知不可为而为。独裁是可耻的。一些细节表现出人们的恐惧和人性的弱点。如某些影评所言，不知道现在的西班牙人看到这部片子是什么感受。
4,一群苏修共产国际的狗崽子在政府监狱里进行反革命活动的纪实片！
4,事实是，数以万计的婴儿被佛朗哥政府从他们正常的家庭中夺走交给“忠诚”的人抚育，更不要说监狱中的了；“祈祷吧，别让他们知道你在为谁祈祷”
5,这么好看才这个分 抱不平
3,政见和信仰一样可怕
3,看的版本只有123分钟 片子一般般 黑弗朗哥政权黑的效果也不理想 拍不好的话容易拍成江姐 这种片子都可以反着看 当反共宣传片看 左翼害人害己 这些人要是成功了那后果不堪设想
4,看着总觉得内容似曾相识，两位女主演绎得真好。
3,妹妹不讨人喜欢，盲目、无知、依人成事，姐姐坚持理想、清醒、自尊，电影反映了弗朗哥独裁时期反抗与压迫的历史
5,优秀的坚强妇女片……
5,还是这句话，下一场会更血雨腥风。借用当年学员队长的毕业赠言：“你是地瓜，就把你雕不成人参！雕成人参，你也还是个地瓜！臭不要脸的的东西！”，所以成天幻想厉害国臣民的低端口都省省，你们根本没有赤色基因的！当韭菜的命休想分蛋糕吃！
5,极权催生苦难，苦难催生极权，环环相扣，直至变成沉默的潜流，伺机吞噬
4,故事主角的姐妹俩一个对party死心踏地、一个却是冥顽不灵的群众，这不科学啊~~要是由天朝编剧写来，故事的最后应该是妹妹被姐姐感化毅然投身于革*命，哪能在这种生死存亡的时刻偏安一隅只想儿女情长啊
4,妹妹在共产党姐姐被枪决前晚在朋友家伤心的说：“如果我姐姐…，我希望能把孩子带回科尔多瓦，把我姐的尸体带回去和爸爸葬在一起，爸爸很爱她。”“这不可能，你没法把她带走”“为什么”“因为在这个国家你失去的亲人不属于你，不能为他们做弥撒，或者念悼文。祈祷吧，但不能让别人知道你为谁祈祷；哭
3,好莱坞的果然就比较戏剧化，詹妮弗琼斯美到不行，每一套华服都好看且相称好想看着色版本嘤。和法国版相比这个版本更喜欢前半部分，最后结尾平平不及于佩尔德表现力，全片整体颜值不俗。
4,舞会那一段真是太美了，怪不得女主向往奢华的生活
4,世影史：改编自法国文豪福楼拜的写实主义杰作。作品客观冷静地道出农夫的女儿艾玛的情感心路历程。导演以平实手法拍出浪漫幻想对一个敏感女子的影响，珍妮弗·琼斯亦细腻动人地诠释了艾玛一角，在片中风情万种欺世盗名，她的表演一直都是收敛而不张扬。
3,美丽天生，没有的话追也没有
3,Rodolphe 可真是pua学高手呀！
4,这个版本也好，总感觉这会是我人生避不开的悲剧。
4,舞会有眩晕效果。黑白片有独特魅力。
3,跟郝思嘉的区别是没有心
4,包法利夫人——东京女子图鉴
4,竟觉得女主跟金星有几分相似...
3,那条裙子很美
4,看啥都别太入戏
3,幽会时说出口的情话才让我觉得这也是爱情。
4,这女的专门演自私讨人嫌的角色
3,一般哦~
4,舞会那段太经典了~~
3,时代变迁。可这个时代又还有多少个包法利夫人……
5,没看完，女主非常美，情绪细节刻画的也很到位
3,原来真是我记错了 是包法利夫人啊 这个版本 裙子太浮夸了
4,算得上经典！原著也应该是十分棒的作品！
3,英文对白硬撑下来，中文资源谁给个
1,问题来了：在台湾武打片的世界里，结尾大boss最多能被几个人消灭呢。。。。
1,收集狂人  幽灵哥佑佑
1,0
3,好看
1,Matthew Macfadyen 是这里最大的笑点。。。
3,豆子先生亮了，休叔依旧迷人，又出现一首休叔自弹自唱乱七八糟吐槽歌XD~
3,房子各种瞎眼，油炸气得都不客串了，一个人在家揪小手绢....豆豆叔是彩蛋
3,多年前為了心頭好Tom Hollander看的，貌美可口! 卡司吸睛，但片子很普通，估計那時就對Elton獨立編劇感到沒啥信心了。
3,戲中戲中戲。掙扎了半天還是沒點，最后還是沒有小朋友……Sperm test太黑線了，Emma姐姐太奇怪了，蘇格蘭口音太討抽了
4,卡司太强大了，很温馨的爱情故事，最好的戏剧就是把生活琐事串联在一起还能让人会心一笑。James Purefoy年轻的时候气质比后来好多了。
5,等字幕，呜呜 果叔
4,如果你认识一对性欲非常旺盛的夫妇，他们可能只是想要个孩子......虽然是近来快被国内电视剧玩烂的题材但还是出于对卡司的私心以及电影相对久远的年代，三星半吧。Sperm Test的结果真的戳到HHP。 
3,大叔中年時
3,"A mediocre romantic comedy, with sound performance from Hugh Laurie. "
4,哎。结局有点郁闷。。
5,对鲍弗先生的小狼狗属性开发的十分透彻……现在的这个半秃变宽男人已经当不了了（喂
3,虽然剧情略无聊 但看到休叔自弹自唱 各种无节操卖肉还是觉得很值得一看的
3,看了之后木有感觉啊木有感觉啊……
5,看叔和别人上床好难过�
1,really don't know what to say
3,一般
5,为了hugh laurie
4,强大的cast  Emma Thompson  Hugh Laurie Ben Elton随便一个名字都如雷贯耳
1,基本就是在瞎扯，惊现Marcel Schlutt
3,看看无妨
2,感觉很无趣啊
4,日常生活……好日常啊好日常，有点像电视电影～
1,Marcel Schlutt醉酒那段实在是傲娇死了。
3,故事还可以~求alex剃掉鬓角！
3,故事超级无聊 纯粹看Marcel
3,和Männer zum Knutschen太像了，仔细一看是同个编剧，怪不得演员都一样，GV男主闹哪样啊啊啊啊啊啊
3,看完这电影我在想我还要不要学德语...德国非战争题材电影怎么这么怪哈哈哈哈。看来我德语老师说得没错- -。。。像一群小孩子在闹来闹去，还挺好笑的。
3,既然曾看過紀錄一下
2,德国电影竟然这么无趣！
3,翻的我无聊死了。。
3,故事倒是行...就是猪脚太胖太丑了 嘿咻部分无美感 看不下去.....
5,德国人也能这么搞笑  Marcel Schlutt!
5,相比之前， marcel好清水这次，哈哈！除了小肚腩，可谓是时间停止啊，对于marcel来说。
5,因为分数太低了，给5星。超好看啊！Alex怎么这么帅！
3,marcel变丑了，呜呜 
3,真实是唯一的优点？还是德语的...距离完全听懂还是有距离...
4,为毛我会看得如此欢乐，还看了四五遍。
3,看看Marcel就行了...
5,8.7；多麼多麼的高興
4,note：蠻好笑的，但也沒有到真的搞笑。用很輕鬆的態度關注了小鎮的小情小愛和地方政治，還有普遍生活的喜感。
3,香港电影！面首姘头们乌七八糟的荒唐事！
4,生活是自己的杯具，别人眼里的洗具
4,脑力强劲的讽刺剧，电影中的阶层圈子“潜规则”游戏对我们来说可算是似曾相识？
3,让我想起了李翰祥的喜剧
4,besi79jx
5,意大利的滑稽戏演员们太出色了~极力推荐！
5,Un beau monument de la comédie italienne des 60s.Un coup de fouet pour la moyenne bourgeoisie. Satire sociale avec la savoureuse Virna Lisi
4,无比精彩
5,虚假的甜蜜
4,自己可以偷鸡摸狗，但别人这么做就是大逆不道。国人也差不多吧，尤其是所谓的高层和领导。
4,叙事扎根在城市里的一群人身上，对于婚姻问题不依不饶的拷问与调侃，展示婚姻生活中的虚伪、不信任与荒诞，最终直指的是整个社会的价值观和精神面貌。
4,能被吵死吗？不停的说。意思还是有趣的，特别是一群人迎面而来的时候。
3,蛮有趣的嘛。
4,黑色幽默聒躁剧。意大利片名是《女士们和先生们》，与同年一起获得金棕榈的另一部法国片刚好对应《一个男人和一个女人》。
3,聒躁杯洗具，春梦笙歌里；只许绅士偷吃，不准家妻出墙~
4,由在语言上甚为聒噪的三个故事而成。满纸荒唐，却要是一把辛酸泪。影片之初便已奠定了人物形象与欢乐式基调，悲喜常用反衬，越喜越悲，喜在琐碎的细节和夸张的动作，悲在喜得滑稽。其实本质上都是完成一种对自身的批判，“绅士现形”，褪下那上层名流的衣，原形毕露。说着别人的好笑，可原来你最好笑。
5,712 EE
5,讽刺社会同时乐开怀
3,师傅也是从徒弟过来的呢。
4,主妇好可爱，想要这样的老婆。
5,师傅最高！
4,小姐，你的熊掉了
4,"原来湿父您是相信爱情的
"
4,师傅少女的时候就很暴躁……
4,小姐，你的熊掉了(*￣(エ)￣) 
5,小姐，你的熊掉了 ~~
4,……烤肉很好吃的样子
5,太短了！
4,银他妈式的纯情邂逅。
4,= =
5,师傅这集op字幕画风都变了哈哈哈哈哈哈哈哈哈哈哈哈哈哈哈哈哈哈师傅真的太强了！还有初恋那段玩梗好搞笑哈哈哈哈哈哈哈哈哈哈哈哈哈哈哈哈哈哈
4,主妇强悍的身手虐遍雪山无敌手
5,小姐你的熊掉了XD
4,师匠老帅老帅了
5,主妇你萌shi了！！
3,漫画里师匠不是攻入要塞了么？
5,啥都不说 直接五星
5,我看的怎么没有彩蛋！！
5,7.20 “荣誉不属于评论家的分析，也不属于那些指出强者、实干者的错误的聪明人，荣誉只属于那些有行动的人”“做人如果没有理想，还不如当植物”这老哥们的人生观和价值观很能鼓舞人感染人，怪怪的老头往往都特执着~固执又糊涂，开朗又乐观，真实而有趣的人总那么难以让人忘怀。
3,"if 2/3 years younger, i would be excited. but not now. what is dream? afraid not agreed with it. it's not about thrill,or merely taking risks. 醍醐灌顶"
4,if u don't go where u want and if u didint ull find urself gone
5,绝赞！老头子的纪录保持至今
5,可爱的倔强老头，富有人情的小镇，秀丽风光，热血剧情。伟大的人伟大的电影。ps，两个赛事工作人员很漂亮啊。
5,"If you don't follow through on your dreams, you might as well be a vegetable.324.85!!!!!!!让我内牛满面，老霍还有他的摩托车。"
4,真的很感动
5,当汉尼拔卸下面具，骑上飞驰的摩托，就再也停不下来。小时候，坐在爸爸的摩托车上长大，难割舍的摩托情结，让一个老头子展现的淋漓尽致。当他来到那片盐田，眼角含着泪悉数英雄时，真心被他打动了。
4,知道自己真正想要的并为之奋斗算起来是件很幸福的事情，还有，我看到这部电影里面也有提到橙色落叶剂，可惜仅仅一笔带过而已。
4,那总是个纯粹的年代。为梦想，为赛车。
4,值得敬佩的印第安老头
5,"Semester 1 Marketing課上看的,Serious Leisure..."
4,"虽然这个真人真事拍得太“心灵鸡汤”化了，但还是被主人公那种乐观而执着的人生所折服。Burt Munro,Bravo！"
5,一个坚强豁达普通的老头，尤其喜欢那个小娃
5,'You live more in 5 minutes on a bike like this than some people live in a lifetime.'
5,梦想是一辈子的事情，强力推荐！
5,amazing!!!
5,加油老爹！
5,他感染着他生命中的每一个人
3,Old man on the road.
3,这个电影应该算是有深意的电影了
3,话痨
3,关于政治
5,"好剧本,表演很真诚"
3,同志的身份认同
2,要什么没什么，除了海报。
5,还不错呀，评分偏低了。值得一看。
5,没找到中字
1,我最不满的是男主人公跟彻头彻尾欺骗自己、破坏自己家庭的人还能再来一炮。
4,pretty good script. will be better with good direction. 
3,6.5分。题材很好，但是为什么拍得那么无聊！！！看到当众接吻那里才发现是看过的，╮(╯▽╰)╭片尾曲好听。演员颜值还行。
3,好像整的挺神秘啥的，半天讲了个很无趣的故事。穿插的动画和真人，色调不让人看着舒服。
2,導演也就是原漫畫的作者似乎根本沒考慮交代故事和人物的背景，不可避免地造成理解困難，不過就算是添加上能找到的各種背景資料，理順了故事的脈絡，這也是一部改變失敗的三流作品。
3,剧情实在是远超出我的理解能力范围，看的不知所谓，但是片中那凝重压抑的色彩所营造的后现代视觉效果和氛围实在是精美绝伦，令人痴迷
3,曾经印象很深的电影，可是具体讲的什么始终无法理顺....
3,题材感兴趣想尽办法下载的，结果：弱暴了看不懂~
4,在ATV world看的，气氛果然没话说。只是n年前就很想看的电影，没想到非常地喜感....特别是3p的部分||||
1,这份样子 还讲希腊神话 切
4,虽然有点莫名奇妙，但我就是like科幻
2,http://www.tudou.com/listplay/9y-uUUM0H1o/X62_aBCDUaw.html
2,一切人物不明不白的出场 退场。毫无背景交待。
3,印象模糊，就记得有个家伙断了条腿，装了个又硬又重的假肢。
3,哎~~不懂啊~~各种不懂啊
2,"一开始以为是山寨片
"
3,10——7.5分。美术那部分还行
5,#复杂了复杂了宗教了宗教了#埃及太阳神需要7天找一个宿主然后再找个特殊女人传宗接代再去死。结果找了个休眠了30年的自由主义者和一个白皮肤，蓝头发，外貌成人，内心婴孩的女子。这个自由主义者还收到寡头追杀，那女人还和外星人有关系。#复杂了复杂了宗教了宗教了#未来时代的寡头政治和机械都市。
5,灰暗的都市，流着蓝色眼泪的吉儿，尼可·波勒像宿命的诗人，从冰冻监狱中苏醒后一直念着不知所云的诗句。
2,大概因为我不了解外国的神话吧，这电影让我觉得莫名其妙！剧情怎么样不表，但这三毛钱cg特效真是烂的不要不要的，看一会有点恶心
4,女主最后造型怎么那像白版奥巴马
3,好吧，这是整合的三部曲真人和动画结合的产物（真的还要活人演戏干嘛）。漫画作者自作糟蹋自己作品...让TK读着波德莱尔的《腐尸》太不搭了，怎么着也得是席勒的诗...
2,一群怪物，人类，机器人，还有埃及诸神，完全看不明白，看着那些动画场面就觉得极其无聊
1,烂得一塌糊涂...血还能再假一点吗..给一星是功夫戏还行..
2,小制作功夫片，难怪没人看，也没字幕。。。感觉是群海外华人拍的，实在有点儿粗制滥造了，不多武打动作还是有的。情节也烂的一塌糊涂，喜欢一个女的为她去打黑拳，然后打赢了结果这女的死了。。。实在无语了。。。顺便说一句，靠着我这蹩脚的英语都能听懂，可以想象这片子的英文水平。。。
4,我真心觉得电影版比法国的电视剧版强。
4,原来我看过的第一版基督山伯爵就是Louis Jourdan@_@看Gigi的时候觉得他巨眼熟又想不起在哪见过
3,年代很久远～
5,情节朴实无华，故事引人入胜。
3,老版本粗糙呀
4,还行，不过我看原声版有3个小时，配音版只有2个半小时，不知道都缺少了些什么部分。总体来说剧情很平，尤其是原本应该很激动的复仇部分显得很平淡，我都快瞌睡了。还有为啥这些电影改编都爱在结局处把埃德蒙和梅赛德斯送做堆呢，经历过这些事情之后，就此结束不是很好吗？喜欢小说结局啊，摔！
1,上译配音版，剧情不记得了……|情节改编比较大，女主略讨厌……
3,孙道临的经典配音啊
2,至今看了三个版本竟然没有一个版本贴原著的
4,上译配音 必是经典
3,与原著相比改动很大，情节平淡
3,复仇
4,要杀你的人，你永远不会忘记。
4,意大利 法国
3,很多地方交代的不清楚，配音还不错
3,改编太厉害 不过这也是没办法的 要么拍成上中下 
3,当时书在心中太神圣，所以真没法接受这个片子的改编。
3,传说中的老爸电影！
4,周二夜，电影频道。布景华美、考究、精致
3,2006年9月6日 讲堂 翻译精妙 电影表现和故事不很喜欢
5,人都是一瞬间长大变老的。
4,“留下什么，就变成什么样的大人。”把青春描写得淋漓尽致，青春也就几年，一去不复返。可是他们的衣服好丑。
4,"又名: 蓝色夏恋 / Blue Gate Crossing

导演: 易智言 (Chin-yen Yee)
主演: 陈柏霖 Bo-lin Chen / 桂纶镁 Lun-mei Guey / 梁淑慧 / 明金成

上映年度: 2002
语言: 国语
官方网站: http://bluegatecrossing.kingnet.com.tw/
imdb链接: tt0333764
制片国家/地区: 法国 /　台湾

"
3,典型的台湾青春片。。。
5,好像整个夏天都过完了，什么事都没有做，然后又好像整个青春都过完了，什么事也没做，就只是跑来跑去。三年，五年过去了，没有变成任何人。我还是我，你也还是你。
4,其实……每一个孤独的女生都这样吧，并不是喜欢而是寻找归属感，是心里的依赖发了芽……因为我也是其中的一枚的关系，所以不惊奇。只是孤独女生遇见的不可能都是张士豪&体育老师。也可能是语文老师什么的巴balhbalh~
4,"暗恋的时候，我们享受在幻想中，尽管那在外人看来很傻。
孟克柔、张士豪，熟悉的像是我们曾经的同桌。
看完以后，心变得很静，一直沉浸在其中。回过身来时，冲动的想给曾经喜欢过的男生打一个电话，只是问问他现在好不好，才想起，那个时候是万万没有要电话的勇气的。"
4,"其實只看過一次,中間有次跟gay蜜講了講情節。隔了多年再想起,好多臺詞好多小細節居然都記得,觉得似一個月前所看。"
4,也许蓝色大门就是我们每个人关于青春迷茫的出口。孟克柔会站在门外，张士豪也会站在门外，那时我们的青春也就如落花，如流水，最终散场。我们将永远，永远的走进成年…蓝色代表忧郁，未知和青涩的少年时代，大门分隔了17岁和以后的成人之间的地带，少年踌躇着，怀疑着要不要推开门，一探成人的生活。
3,人非人，花非花。紅顏易老，英雄遲暮。青春就那麼短短些許日，珍惜難得的你愛亦愛你的情人、朋友，哪來精力顧及其他那麼多人的感受，我們走過的每一寸土，偶爾回過頭時，不要滿是荒蕪入眼。
4,真好看啊。。很有爱的一部片子。。小美那时候还没长开的样子。。。
5,我们会变成什么样的大人呢，是体育老师，还是我妈。
4,看到三分之一就在想，这不是女版的暹罗之恋吧，还好侧重很不同。孟克柔说：如果你17岁，理想只是能不能上大学，你该是多么幸福的小朋友啊。听到这句感觉沉重又无奈，稚气不是17岁该有的权利么？两个女孩的成熟怎么看都让人心痛和忧伤。
5,没想到还挺真实。对自我的认知还挺令我怀念。自已也曾在本子上写自己喜欢人的名字。真是傻爆了。
5,“好不甘心啊，夏天都快过完了，好像什么事也没有做。”“对啊，好像就只是跑来跑去什么事都没有做。”...“但是总会留下一些什么吧，留下什么我们就变成什么样的大人。”“你这句话从哪里偷来的。”等红灯的路口，骑着车在队伍的最前面，绿灯亮了，蹬起踏板，印着椰子树的花衬衫被风吹得鼓起。
4,"如果你17岁，你想的只是能不能上大学，不再是处男，尿尿可以一直线的话，你该是多么幸福的小朋友啊。
青涩的时光。"
5,"其实我一直向往能导演的电影就是这个范儿的.但在大陆拍根本拍不出这个效果,当然啦,我要是真去台湾拍个这样的片子,没有那样的生活背景,我又如何能够操控~就算我能拍出来,纯粹的模仿又有什么意义呢~唉,有些理想终究只能是个梦~当然啦,我这些貌似都是借口啦,真要有能力,何必如此畏畏缩缩~恩~蓝色梦想ING~很多事情都是如此~PS.苹果的期末作业让选个片子剪片花,我选了这部.这是第一步.加油喽~"
4,确实不同于那些挢揉造作的青春片，关键是很自然，情感的递进平淡又吸引人，蓝色大门是关于秘密的也是关于青春的记忆，走入大门可以面对最真实的自我，没有在性取向上纠结太多，爱情变友情的结果反而让影片显得更加有回味，小细节也做的很好，比如说游泳池和街心花园的场景反复颇有趣味
4,那时的桂纶镁姿色平平，像个小男生。不要以为我们年少时什么都不懂，我们理解的跟你们一样深刻。
4,清新的台湾电影，一场关于青春的“爱情“。“三年后，如果你喜欢男生，记得第一个告诉我。“
3,整体下来，舞会那里最好看
4,永恒经典
4,"
主演珍妮弗琼斯在黑白片中太美了，那个时代的女明星没有人工雕琢的痕迹，只有自身强大的魅力。"
3,情节感觉拍的不连贯。
5,这版超好看哎
4,挺严肃的小说，改编的还行
3,7.2
5,故事十颗星
5,这一切都是命运的错
5,"6.6
IMDb:7.2
hr"
4,最近看的西语片儿难得不招我烦的片儿，这种题材还是很容易拍好的！
3,这是一部震撼人心的悲剧~看的我内心很沉重~类似题材的电影看过不少~这一部和那些电影的区别就在于这是一部主要描写女性的电影~想要让精神受洗礼的~就看一看吧！
4,同样是高唱红歌，光是这样的电影开头...我天朝永远也拍不出来.....
4,应该拜读原著
4,夫人真美～
4,挺好看的
3,电影的情节像是高潮段落的堆砌而省略了过渡和铺垫。心理，甚至情爱描写的不足让包法利夫人形同一具没有灵魂的拜金机器，连其倾倒众生的魅力都显得缺乏因由
5,女孩子都要借由包法利反思自己。
5,耐人寻味
4,这俩女主角的口音啊。。听完整个人都不好了。但是茵玛的歌声真的很动人
4,星星献给江姐脸蛋身段还有那首歌......可是江姐能不能不要那么江姐.....
4,好虐
3,失败者的悲歌
4,竟然和《潘神的迷宫》一样令人压抑并震撼
5,滿滿的強迫代理人
4,珍妮弗琼斯演技一流，戏中她和路易斯乔丹跳舞那段一个镜头下来节奏可真快啊~~
3,舞会真美。
4,服装很华丽，第一印象
3,123
3,本片曾获第22届学院奖艺术指导（黑白）奖提名及奥斯卡最佳艺术导演提名。
5,"女性十分伟大,战争是一把双刃剑,教会一点都不像上帝的使者.人民的内心都向往和平.希望能和平下去."
3,communist真是不容易，在哪儿都被打但还是要坚持自己的信念唱一曲英雄主义的悲歌（够 感觉这题材tc拍得太多了，只是几乎全女性卡司这一点还算得上难得。就是这个妹妹本来也不是革命的好料应被推进去，其他人还都挑在监狱门口碰头，最危险的地方最安全也不是这么用的吧（x 中规中矩上了及格线的片子。
4,8.5分
3,宗教可真是高尚，诅咒不信的人都要下地狱，我看比起不信的人，张口就诅咒的人更可能下地狱。如果她抛弃一点理想，做个自私的人，随便撩点水在额头上，谁管是不是狗屁宗教仪式，活着就行。“我觉得共产党可能没有我们这么爱孩子”，狗都清楚没有女人不爱自己的孩子，系统下无意识的杀人狂蠢货可真多。
3,共产党原来遍布世界啊
3,不是电影不好，而是它只拍出了小说的1/10，推荐影片，更推荐小说http://book.douban.com/subject/2364767/ 因为她像片中人物一样是那么地不为人知。
2,剧本不好至少找好看的男主吧
3,挺有意思的，几个朋友之间的友谊蛮不错的额
4,重点是喜剧吧
5,¡Viva la República!
3,历史的声音。
3,所以我总是不知道要站哪一队
5,西班牙版主旋律影片，国际歌在牢房里响起，女主风彩不输洛佩斯、海耶克
2,原以为女主是花瓶，想不到女主才是这些三流演员里演技最好的了.....影片里这鬼的低语音效做的太渣了点...
4,还行吧，有点意识流，配音像是现场录音，杂音大；里面居然有雷吉·李~~
4,1:26:43
2,浪费卡司的套路剧本
4,弱雞相棒香川照之超可愛的，希望他相親成功233
3,现在霓虹缺好编剧的结果就是糟蹋我的霓虹两大本命。制作水平映画级别，宽叔的衣品和身材赏心悦目，编剧属于爱看不看反正编到哪到哪的情况，香川桑在陷入浮夸型喜剧配角和歌舞伎后，方法派的细腻演技方式慢慢不见踪影，最后，宽叔你五十代的人了为什么还这么帅萌？
4,SP比正片剧情精彩，虽然特异功能不需要推理，但是情感上比较动人。
3,剧本有点敷衍，没什么意思，然后宽叔开车的镜头让我想到鲁邦三世？以及，很希望香川叔尽量别演这种浮夸角色了（包括99.9小律师里也是），浪费演技。
3,这剧能有SP也是神奇……
3,波牛和雅彦啊
4,林宏司！！还是熟悉的味道！色调真美~
1,阿部宽和香川照之也挽救不了
3,这四个女性角色，我他妈社保，社保，再社保，波瑠在这里面真的好看
3,阿部宽嗅着胸口铺满玫瑰花瓣的尸体的时候，我正在吃午饭也没觉得任何不适，都不知道是该说拍得画面不吓人还是说自己口重了
3,等待你的第二季
3,一切为了东奥！希望香川叔能少演点浮夸角色，不过这几年好的日剧剧本也不多啊，唉。
3,整个片头特别鲁邦
3,真的就是只能看看人
4,（接受了这个设定之后）案子比多拉马好一点，波瑠那条线是不是说明会有第二季？另，玩弄小向/香川真是有意思啊。
3,剪辑病得不轻
3,宽叔和香川叔还是很有爱的
3,感觉案子比TV版好看？？终于叫香川叔的角色相棒了啊！留下感动的泪水。不过这个又是炭疽又是腐败的——大约还是改编的？插入波瑠为了爬上去还要搞不伦的女警官……是为了方便随时拍第二季嘛？
2,【NHK 18春 SP】不如不出，什么玩意儿。
4,世上年纪最大的公路片主角。。
5,做人没有梦想，还不如做植物
5,GOD OF SPEED FOREVER!
4,人生没有梦想，与蔬菜何异
5,we love moto
5,hopkins演坏蛋坏的透彻，演这样可爱的老头人见人爱。说的话大多都是至理警句。励志~
4,挺励志的 老年版的《十月天空》巴纳维亚这地方真刷新认识 Hopkins的演技也很好 导演比较弱 剪辑手段也太普通
5,老爺爺太熱血了
4,虽然有点理解不能，但真的很让人PF
5,只要关于自由，关于疯狂的一生，我都喜欢。
5,人无梦想如同蔬菜
4,荣誉不属于评论家的分析，也不属于那些指出强者、实干者的错误的聪明人，荣誉只属于那些有行动的人。
5,安东尼霍普金斯，神一样的老头！好励志的老头，让哥汗颜。
5,人不能没有梦想，也并不是不在年轻了就不能再追逐梦想，梦想不在乎远近，不在乎岁月长短，只要有信念就可以！
5,老家伙，我好爱你。一瞬间超过所有人的感觉比平淡一生要好得多。梦想，冒险
5,4.7
4,哪怕人生中只有一次超过了所有人 那也比平淡一生有意义
5,在生活中，总有一种方式去练习学会不再害怕。
4,艳福不浅。
5,5-。各种励志，感动和激动。
4,小學時CCAV1正大劇場看過、只記得片名了
5,在CCTV-2的“正大剧场”正大剧场里看的，现在好不容易找到了，但是不是国语的。
5,打小就喜欢看这种片，难怪现在喜欢看基情片
5,童年电视回忆
5,好像是小学四年级
5,cctv6
4,厄，我也表示很激动
4,"只依稀记得一个人的一只眼被鹰吃后能看到鹰看到的东西，
以及他们在一盏灯坠落后一同死去？"
4,我是电视儿童啊
4,鹰的眼睛是这片子给我留下的唯一印象了。看起来很酷的创意。感谢正大剧场
3,豆瓣会关门大吉。他妈的B，看电影搞半天看不到。
5,http://www.ebay.com/itm/RNENS-JE-EYE-OF-THE-EAGLE-Soren-Hyldgaard-CD-OST-DENMARK-1997-/222442207273?hash=item33ca96b829:g:2HcAAOSwTM5YyxtD。在ebay上找到的版本，应该是外语，如果有正大剧场翻译版本就好了。
5,美好的童年回忆，就记着两小孩被坏人追杀，最后邪不胜正的故事。哈哈哈～童年呀，当时觉得真的很好看。
4,剧情很有意思，动画和演员的表演配合得不错~
4,五毛特效，真人与动画结合，画面让人想起押井守的阿瓦隆。不过，果然是作者本人执导，完美还原原作气氛，而且叙事上也串了起来比漫画易懂。最关键的，男女主颜值逆天，特别是男主发挥德国人的种族优势，声音低沉磁性，全程花痴，加一分。
2,前几年看的，很无聊的片子
4,正大剧场
4,我9岁的时候再正大剧场看的电影。这样经典的片，只是当时还不知道是丹麦出的哦。当时很喜欢很喜欢它。现在都记得。
4,很多年前看过，依稀记得名字，回顾一下
5,365夜故事里出现的，台湾配音奶油话很重，四个兄弟一个萝莉，不知道记没记错
5,365夜里看的，无尽的怀恋，我们现实的生活越来越像童年动画片中日本人的生活。
5,就因为小时候看了这部动画，我对西方龙特别有好感。没想到这影片的原版声优阵容如此强大，当年看的国语版配音一般。
3,刚才和人聊到这片儿来着！！小时候三年级瞎租碟看的，啥也没看懂，就觉得巨黄。。。
5,"很多人不喜欢的电影   也有很多人喜欢 
很酷 很精神的电影..... "
3,动画片+真人。《银翼杀手》的背景，《第五元素》的格调。
2,故弄玄虚的生殖崇拜
5,唯美压抑的画面，极端形而上学的情节，就像我的白日梦
4,裸看。音乐加分。宅女携基友团穿越至亚瑟王时代大战蝙蝠怪拔得石中剑……
5,现在看来...亚瑟王怎么可能是男的这不科学!! 小时觉得是帅哥的现在看来一张脸都好怪 我还一直以为女主是阿拉蕾
2,重看了一遍，儿时回忆。但这动画真是太幼稚了，完全就是小表砸的YY产物啊，话说人设（男性）的画风挺像池野恋的。
5,跪求有字幕版。这个可是国内日系动画片的一切起源啊！！！！
5,365夜作品中的一个，可爱的少女漫画类型
2,典型的空心菜型
3,开车那段非常帅
3,不朽的尝试，差劲的结果
5,这是一部现在看来都非常棒的科幻片，但是这种形式注定不会受到大部分人的欢迎，有点偏核向，剧情说实在的是有点无聊，不过经典的科幻也就是这种形式了，本来想打四星的，算是向作者致敬吧，话说，04年的CG没这么糟吧，最终幻想不是在这之前做过了嘛
1,感覺邪恶。故事裏的人和事物看起來總是髒兮兮的，令人很難忍受。看到一半，實在看不下去。
5,好多帅哥
3,第一次知道是这种声优构成，囧rz到死……
5,人设绝对是那时候的美型标准
3,古老的一托n怀念啊
4,啊啦，青葱岁月啊，当时还在看小白角，灌篮高手，等等等等。那时候还在上学，呜呜呜呜，青春啊。。。
3,没太看懂，但这种奇怪的调调我还蛮喜欢。
5,我就是喜欢这种风格的电影 管他别人怎么说
5,犹豫着给它四星还是五星，跑来一看这里的平均分是三星一刚……女主角是我见到的最酷的，漫画家自己导演出来的感觉就是原汁原味，场景满分，人物还原满分，雷点是突然冒出来的三维人物，感觉片子一下退回2星……难道是钱不够了……还是真人出演外加化妆比三维出效果得多。
3,不好这么玩哲学
2,不知道用语言怎么形容，也许是在学校看，影响了质量。。但是具体故事情节我不是很喜欢。。。不过鸟人的暴力占有欲。。。嘿嘿藕喜欢xxoo。。。。。。。。很黄很暴力
1,mess。一颗星是给好听的片尾曲
5,小学的时候，某天放学突然看到的动画，我还记得里面的小恐龙，大爱
5,还是小学的时候看的呢，那时就感觉动画幻想的魅力啊，后来一直没看到过，在找也找不到，非常想再看一次呢
5,这部是我最早看的乙女向逆后宫动画。当年365个夜嘉士利卡通世界（类似小神龙俱乐部）中的一部动画。
5,圣剑的伴侣，喜欢这个设定，很好看的动画片
3,太前卫了。
5,小姐，你的熊掉了
3,師傅大人果然一直強悍著...以及師傅也有少女時
5,哈哈，笑死我了！
5,太萌了！！！！！！！！最后还有爱德和阿尔哈哈哈哈哈哈哈哈！！！！
5,比本篇更强大哈哈我笑抽了.
5,这样吐槽师傅合适么...哈哈哈哈
5,小姐，你的熊掉了
5,小姐，你的熊掉了！
4,老电影风格的op好评！
5,小姐，你的熊掉了。小姐，你的熊掉了。小姐，你的熊掉了。小姐，你的熊掉了。小姐，你的熊掉了。小姐，你的熊掉了。小姐，你的熊掉了。小姐，你的熊掉了。小姐，你的熊掉了。小姐，你的熊掉了。小姐，你的熊掉了。小姐，你的熊掉了。小姐，你的熊掉了。小姐，你的熊掉了。小姐，你的熊掉了。
5,路过的家庭主妇战斗值爆表。
4,小姐，你的熊掉了hhhh
5,师傅是萌，不愧是我喜欢的大姐头
5,哈哈哈哈哈哈哈哈哈哈哈哈哈哈~~~~
5,哈哈~~小姐，你的熊掉了~~笑死我了~~
4,师傅你的熊不要了么？！
4,搞笑的么...
4,師奶是個牛人啊 一直都是
5,小姐，你的熊掉了~~~噗
5,主妇的十八岁
2,虽然有法国类型片的元素，但是却算不上是一部耐看的片子~
2,不错的故事题材，拍的稍微有点拖沓有点闷
2,挺没劲的
1,以为是绝地战警那样的，结果又遇到烂片了...
2,导演妄想用文艺片拍商业故事，这是个很愚蠢的想法。中国餐厅离的中文对话很好笑。
2,这个片子政治严重不正确呀。。。不过透露了一个信息，那就是：法国真的没有种族意识！原来黑人也可以是绝世大帅比，开眼了。小妞们真正呀！严格意义上的那种，不是仁者见仁的那种。
1,宁愿把《绝地战警》看十遍，也不愿再看一遍《绝配战警》，这片看了不止绝望，都快绝后了。
4,法国的搞笑片
5,这真的是轰天炮？？
3,为毛法国搞笑片都跟条子有关？
4,非常感激
3,和第一部一样也太一般了
5,"如果我十年前能看到这部电影该多好，那样，我会更懂得珍惜，更懂得青春的美好吧。                                                               记忆深刻的台词：我叫张世豪,天蝎座,O型,游泳队,吉他社，我很不错哦。"
5,一年后 三年后 五年后 甚至是更久更久以后 我们会变成怎样的大人 虽然我闭着眼睛也看不见自己 但是 我却可以看见你
4,就是追你啊”，“如果有天你喜欢男生，第一个告诉我”，“虽然我闭着眼睛，也看不见自己，但是我却可以看到你”，有没有让你想起谁。遥望我们的蓝色大门，就连青春里的那些并不快乐的困惑，执着，隐忍，那些十七岁时都会有的心情，都已显得那么美好。
3,【6.5】人性光辉不灭 反抗精神不绝 听上去像贵国主旋律电视剧 仔细一想 真的像 尽管角度对准了女性 但仍旧落俗大多历史片的中规中矩
3,很多国家都有这种历史呀。看来不是以国界区分，而是按统治阶级和被统治阶级来划分的
5,西班牙红军革命烈士托孤的故事……
5,喜欢这样的节奏，朦朦胧胧，若有若无。初恋的怀疑，好像离我越来越远，站在青春的尾巴上，看着自己的花季逝去，我惋惜自己的17岁，没有经历这样唯美的夏天。我即将毕业，最后一个属于青春的夏天，我也许应该站在蓝色大门前，对着迎面走来的女生说，我过的很好……
5,17岁的那个夏天太阳依旧炽热，地面被炙烤得犹如锅炉。一阵风吹来，撩起心中的窗纱，我看见了你。我不想要求什么，只想要一份简简单单的回忆。
5,很少有见到评价如此高的台湾影片了，几乎清一色的好评，还是极好。包括表姐也极度爱这部片子。喜欢陈柏霖那个时候的感觉，不是自己意义上的帅气，却青涩而率真 十七岁的青春。骑单车，穿校服，喜欢的话，自以为是的追求与表白，对未知的迷茫和不安，总觉得离我们那么远又那么贴近。
5,太喜欢这部了！不知从什么时候开始喜欢的桂纶镁，我想应该是在这个时候吧！
3,成长，爱情，那件美好的回忆……
4,感人。
4,女主虽然没有接受过高等教育，说话莽撞甚至有些愚蠢，但是她和其他天性善良淳朴的女孩一样，拥有勇敢的气质。和姐姐隔着铁栅栏唱歌真的是太让人动容了。在极端条件下，人们对信仰和亲人的情感更加深刻。姐姐在临死前喊出的那句“共和国万岁”是敌人最害怕的武器，因为他们无法打到一个坚强的人。
4,黑夹克好帅嘤嘤嘤（行刑前合唱的《国际歌》让我鸡皮疙瘩起来了
4,战后的斗争，女性的坚毅，板牙又一部这样题材的电影，赶脚比las 13 rosas好看，Tensi最后轻轻的吟唱很美。@上海塞万提斯图书馆 有借
4,非常完整的故事，结构合理，内容扎实，演员表演极为到位，感情表达真实。内战时期，同样表现共产党在监狱里不屈不挠，特别还是女共产党员。表现党员的坚强意志的同时，也充分地展现人性的一面，因而人物更丰满，情节更动人，故事更真实。我们那抗日神剧之类的片子，胡编乱造，是那么的不真实，要么没有人性的真实一面，要么就是乱扯乱编，一点儿也不感人，至于现在的小鲜肉和面瘫明星，那是一点表演技巧都没有，与人家这表演，实在是云泥之别。反思战争和内斗带来的残酷，如何避免，就不是三言两语说得清楚了。
5,留下什么，我就变成什么样的大人，如果有一天，或许1年，或许3年，你开始喜欢男生，你一定要告诉我....3年，5年以后，甚至更久更久以后，我们会变成什么样子的大人呢？是体育老师，还是我妈，虽然我闭着眼睛，也看不见自己，但是我却可以看见你.....
5,看这样的电影特别容易叫人回忆起青涩时期的自己。我们心中都有一个张士豪，不管是一直放在从未说出过的还是已经说出或者被拒绝的又或许是那个默默等待你看到它的，都是美好的青春。在十七八岁这样一个年纪我们大都是偏于感性的，一切喜恶一切行为都由心牵引所以才最愉快，不管是笑过哭过都是值得记忆的
5,【三年，五年以后，我们会变成什么样的大人？我闭着眼睛也看不见自己，但是我却可以看见你。】 台湾白衬衫夏日文艺小青春片儿多到起腻，这部可算上乘，陈柏霖和桂纶镁都还像刚刚剥开皮的白煮蛋，眼神倔强水嫩，青春逼人。
5,记得那年夏天 有个女生 孟克柔 有个男生 张士豪 还有我们17岁的记忆中的蓝色大门 在这个夏天 我们留下什么就成为什么样的大人 我闭上眼睛 我看不见自己 却看得见你
5,“我叫张世豪 天蝎座O型血 游泳队吉他社。我长得还不错啊。就是想追你。”一脸青春手握无限资本的感觉，自信又纯净。“如果你只是17岁，你想的是能不能上大学，不再是处男，尿尿成直线，该是多幸福的小朋友啊。”不过我好像丢失了这种幸福有一段时间了。
3,我是不是看了一个假的电影�
4,神奇之处在于找不到一个相关消息…
1,垃圾
3,这是个幽灵电影
2,女主的所谓信仰与其说是崇高、大无畏的，不如说是盲目、无理取闹的。
4,战争对女人的伤害，对人权的践踏。只是，看完这部影片后会想，当时是什么战争呢？然后关于战争对普通人的影响，国内影视探索的确实很少啊。
3,西班牙��江姐
3,极权催生苦难
3,成王败寇，战争就是这么残酷。
4,暴力压抑恐惧/正义坚强人性
1,看完此片唯一的收获是我知道自己属于世上0.2%的人
2,为什么好评如潮？就没有知己吗。。。简直活受罪，我是忍着看完的，不知道是演员演技太差还是人物性格塑造本身就有问题，导演编剧对同性这问题没好好研究吧，漏洞多多，懒得吐槽。ps音乐很好听~
3,这两天情绪不好，看这种小清新，文艺爱情片，完全无感。但喜欢小清新，想回忆年少时那些阳光灿烂，充满青春气息的日子的人可以看看。喜欢小帅哥陈柏霖，小美女桂纶镁也可以看看。
3,三年，五年之后，我们会变成什么样的大人呢？我真的不够文艺，不够小清新，快进着看完了。
3,"骑上车，载着自己的青春去兜风  
孟：你到底要干嘛啊~
张：我就是要追你啊~
孟：我很麻烦的~
张：我也很麻烦啊~"
3,桂纶镁啊美，青涩得不行，花痴，蕾丝...这种青春很真实。台湾文艺片总能唤醒心底某种沉睡已久的温柔
3,小艇上的时间循环，源于一场家庭乱伦引发的谋杀，女主遭遇无妄之灾，死神太不敬业了……结局风水轮流转，真凶该倒霉了所谓恶人自有恶人磨，下一部——《幽灵车》～
1,在腾讯视频看的，起的名字叫《幽灵船》跟2002年的《幽灵船》名字一样就算了，连海报都一样，拍得支离破碎，看得一脸懵逼……
3,看不太懂，或许讲的业报、复仇吧。剪辑有些混乱，三星
1,说得什么乱七八糟，玻璃打不破，女主一直在自虐。在腾讯视频里看到叫幽灵船，谁知道竟然是真的电影。
3,"什么鬼，这么小众的吗？没看懂啊！黑衣人是什么意思？最后是去处理真凶的意思吗？
还有，究竟男主有没有着魔？明明和家庭凶杀案无关为什么会突然冒出来？感觉想玩异度时间的梗，可是觉得没有衔接好…
还不如直接往心理疾病那方面去……"
1,叙事以插叙为主，混乱不堪，剧情让人一头雾水，怕是心理有问题。模仿恐怖游轮的低级且毫无价值的烂片
2,"宏大的革命叙事，不太好看，细节不够好，人物情感发展太快  主人公的情感进展不合理啊  
革命真是可怕的东西"
3,la voz abrrida..
4,女演员演技太好了，那双眼睛啊。“小可爱”～
5,战争的结束不意味着和平 一切还在恐慌之中
4,"duerme mi nina,duerme
la luna te mira,
y tu madre te quiere."
4,看的十分揪心难过 想起战争就忧心忡忡。面对危机不敢直面 于是靠着掀起战争躲避现实 逼死已方虐杀无辜 是十足的魔鬼行径 确实毁掉一切同时自杀式掠夺是重启世界的好方法 可比得上一起做出努力 挨过困难时期吗 直接说人太多需要杀一部分才能活下去好了 找的理由也是可笑。
3,可能是已经走过了那段青葱岁月 现在看来没有多少震撼 只是喜欢陈柏霖 那时的张志豪真是年轻又瘦瘦的
2,云里雾里，上网查幽灵船找了半天都没找到一样的剧情内容，幽灵船原来此船非彼船，这电影叫ghost boat，跟那部出名的幽灵船不一样英文名
2,看不太懂，叙事混乱，到结尾又有种为了正义而正义的循环剧情，把最开始感受的一点恐怖气氛都搞没了。主线剧情完全靠猜，这是不行的，被各种回忆杀，感情戏，幽灵幻影淹没的主线条没头没尾。不推荐。
3,1:29:56
3,果然没信息，很神奇
2,有点莫名奇妙的……死神杀错人了？的一个故事
3,没怎么看懂！
1,死神杀错人了？
4,就像照镜子一样（关键是还不具备美貌），不改的话，总会这样
3,有索然无味也有浓墨重彩
5,经典就是经典
4,很经典的片子
4,我最爱的名著之一
3,所有拍此书的影视作品目前为止都是垃圾 碍于对原著的喜爱 全给三星
4,短短几小时无法完全重现原著，但就电影本身来说拍得还是不错的~
4,我居然能够一口气看完这么长的电影。
4,冲着上译的经典配音去的，不过有的改编情节还是接受不了——但绝对好过最新版的基督山伯爵，那个HE了……
4,一直想看看原著小说，但是小说翻译的人名我总是记不住。电影好看但我相信还原不了小说精彩的十之五六，不过又想到那里有那么好的事情，没有了那笔财富拿什么来复仇。
4,制作精良，场面，剧本，人物表演都很认真。当然基督山伯爵演得最好，年少的热情单纯，成为伯爵后的沉默克制，内心的烈火只透露在眼神中，还有复仇成功后平常的有些颓然，这就是紧绷着要复仇而终于大仇得报的松弛，于是化归一个平常的老年人。整个剧情当然是一个美梦，满足人们对正义，对传奇，对暴富的渴望，还有忠贞不渝的爱情，正义必胜，全都是梦中会有的。因为是很认真地做梦，必然大家会喜欢看。此时，电影就是幻梦的满足。
3,这个基督山伯爵有点儿废物。。。。
3,上译厂的配音不错
4,我爸一耳朵就听出孙道临了
3,小时候的陈浩南，山鸡，包皮，大飞，乌鸦，坤哥。
